-45.000000,9.910000,10.000000,-45.000000,-45.000000,1.000000,
-44.945751,9.910000,10.000000,-44.945751,-44.953804,1.000000,
-44.912399,9.910000,10.000000,-44.912399,-44.915764,1.000000,
-44.880112,9.910000,10.000000,-44.880112,-44.900139,1.000000,
-44.852730,9.910000,10.000000,-44.852730,-44.856091,1.000000,
-44.773659,9.910000,10.000000,-44.773659,-44.785988,1.000000,
-44.773659,9.910000,10.000000,-44.773659,-44.785988,1.000000,
-44.773659,9.910000,10.000000,-44.773659,-44.785988,1.000000,
-44.735775,9.910000,10.000000,-44.735775,-44.741211,1.000000,
-44.715126,9.910000,10.000000,-44.715126,-44.715698,1.000000,
-44.695454,9.910000,10.000000,-44.695454,-44.700291,1.000000,
-44.655499,9.910000,10.000000,-44.655499,-44.655609,1.000000,
-44.622601,9.910000,10.000000,-44.622601,-44.646721,1.000000,
-44.601139,9.910000,10.000000,-44.601139,-44.613930,1.000000,
-44.580597,9.910000,10.000000,-44.580597,-44.601139,1.000000,
-44.564678,9.910000,10.000000,-44.564678,-44.566559,1.000000,
-44.511070,9.910000,10.000000,-44.511070,-44.518047,1.000000,
-44.449898,9.910000,10.000000,-44.449898,-44.466209,1.000000,
-44.340454,9.910000,10.000000,-44.340454,-44.449898,1.000000,
-44.329468,9.910000,10.000000,-44.329468,-44.337627,1.000000,
-44.256535,9.910000,10.000000,-44.256535,-44.268970,1.000000,
-44.217697,9.910000,10.000000,-44.217697,-44.253571,1.000000,
-44.170403,9.910000,10.000000,-44.170403,-44.217697,1.000000,
-44.089531,9.910000,10.000000,-44.089531,-44.131294,1.000000,
-44.075298,9.910000,10.000000,-44.075298,-44.089531,1.000000,
-43.973392,9.910000,10.000000,-43.973392,-44.026569,1.000000,
-43.872829,9.910000,10.000000,-43.872829,-43.973392,1.000000,
-43.845810,9.910000,10.000000,-43.845810,-43.872829,1.000000,
-43.730278,9.910000,10.000000,-43.730278,-43.816952,1.000000,
-43.697273,9.910000,10.000000,-43.697273,-43.729511,1.000000,
-43.595493,9.910000,10.000000,-43.595493,-43.676712,1.000000,
-43.539158,9.910000,10.000000,-43.539158,-43.595493,1.000000,
-43.501541,9.910000,10.000000,-43.501541,-43.513107,1.000000,
-43.480148,9.910000,10.000000,-43.480148,-43.480976,1.000000,
-43.361996,9.910000,10.000000,-43.361996,-43.407436,1.000000,
-43.361996,9.910000,10.000000,-43.361996,-43.368587,1.000000,
-43.316887,9.910000,10.000000,-43.316887,-43.336243,1.000000,
-43.236427,9.910000,10.000000,-43.236427,-43.280231,1.000000,
-43.192062,9.910000,10.000000,-43.192062,-43.236427,1.000000,
-43.084721,9.910000,10.000000,-43.084721,-43.192062,1.000000,
-42.971306,9.910000,10.000000,-42.971306,-43.084721,1.000000,
-42.823196,9.910000,10.000000,-42.823196,-42.971306,1.000000,
-42.823196,9.910000,10.000000,-42.823196,-42.844299,1.000000,
-42.688816,9.910000,10.000000,-42.688816,-42.812923,1.000000,
-42.687057,9.910000,10.000000,-42.687057,-42.688816,1.000000,
-42.568386,9.910000,10.000000,-42.568386,-42.591198,1.000000,
-42.455433,9.910000,10.000000,-42.455433,-42.568386,1.000000,
-42.325459,9.910000,10.000000,-42.325459,-42.423351,1.000000,
-42.228397,9.910000,10.000000,-42.228397,-42.280167,1.000000,
-42.130699,9.910000,10.000000,-42.130699,-42.228397,1.000000,
-42.013542,20.139999,20.139999,-42.013542,-42.129902,1.000000,
-41.982414,20.139999,20.139999,-41.982414,-41.984741,1.000000,
-41.881535,20.139999,20.139999,-41.881535,-41.883362,1.000000,
-41.761478,20.139999,20.139999,-41.761478,-41.831074,1.000000,
-41.552864,20.139999,20.139999,-41.552864,-41.597233,1.000000,
-41.472416,20.139999,20.139999,-41.472416,-41.514046,1.000000,
-41.269714,20.139999,20.139999,-41.269714,-41.442154,1.000000,
-41.269714,20.139999,20.139999,-41.269714,-41.353596,1.000000,
-41.269714,20.139999,20.139999,-41.269714,-41.292000,1.000000,
-41.192711,20.139999,20.139999,-41.192711,-41.243168,1.000000,
-41.008884,20.139999,20.139999,-41.008884,-41.052052,1.000000,
-40.896648,20.139999,20.139999,-40.896648,-40.900097,1.000000,
-40.708889,20.139999,20.139999,-40.708889,-40.861877,1.000000,
-40.338108,20.139999,20.139999,-40.338108,-40.587906,1.000000,
-40.338108,20.139999,20.139999,-40.338108,-40.587906,1.000000,
-40.338108,20.139999,20.139999,-40.338108,-40.533508,1.000000,
-40.338108,20.139999,20.139999,-40.338108,-40.378136,1.000000,
-40.326405,20.139999,20.139999,-40.326405,-40.338108,1.000000,
-40.326405,20.139999,20.139999,-40.326405,-40.338108,1.000000,
-40.209839,20.139999,20.139999,-40.209839,-40.305958,1.000000,
-40.110249,20.139999,20.139999,-40.110249,-40.153572,1.000000,
-39.799702,20.139999,20.139999,-39.799702,-40.110249,1.000000,
-39.799702,20.139999,20.139999,-39.799702,-39.872948,1.000000,
-39.531437,20.139999,20.139999,-39.531437,-39.673454,1.000000,
-39.243439,20.139999,20.139999,-39.243439,-39.531437,1.000000,
-39.123051,20.139999,20.139999,-39.123051,-39.243439,1.000000,
-39.092537,20.139999,20.139999,-39.092537,-39.123051,1.000000,
-38.991859,20.139999,20.139999,-38.991859,-39.053486,1.000000,
-38.967205,20.139999,20.139999,-38.967205,-38.991859,1.000000,
-38.967205,20.139999,20.139999,-38.967205,-38.991859,1.000000,
-38.896717,20.139999,20.139999,-38.896717,-38.967205,1.000000,
-38.896717,20.139999,20.139999,-38.896717,-38.967205,1.000000,
-38.896717,20.139999,20.139999,-38.896717,-38.904667,1.000000,
-38.861481,20.139999,20.139999,-38.861481,-38.896717,1.000000,
-38.778267,20.139999,20.139999,-38.778267,-38.861481,1.000000,
-38.778267,20.139999,20.139999,-38.778267,-38.785095,1.000000,
-38.644321,20.139999,20.139999,-38.644321,-38.762894,1.000000,
-38.644321,20.139999,20.139999,-38.644321,-38.762894,1.000000,
-38.602558,20.139999,20.139999,-38.602558,-38.644321,1.000000,
-38.602558,20.139999,20.139999,-38.602558,-38.644321,1.000000,
-38.473408,20.139999,20.139999,-38.473408,-38.602558,1.000000,
-38.473408,20.139999,20.139999,-38.473408,-38.521801,1.000000,
-38.473408,20.139999,20.139999,-38.473408,-38.482685,1.000000,
-38.414509,20.139999,20.139999,-38.414509,-38.473408,1.000000,
-38.370480,20.139999,20.139999,-38.370480,-38.414509,1.000000,
-38.051659,20.139999,20.139999,-38.051659,-38.370480,1.000000,
-38.051659,20.139999,20.139999,-38.051659,-38.355560,1.000000,
-38.051659,20.139999,20.139999,-38.051659,-38.161053,1.000000,
-38.026211,20.139999,20.139999,-38.026211,-38.051659,1.000000,
-38.026211,20.139999,20.139999,-38.026211,-38.051659,1.000000,
-38.026211,26.850000,26.850000,-38.026211,-38.051659,1.000000,
-38.026211,26.850000,26.850000,-38.026211,-38.051659,1.000000,
-37.906849,26.850000,26.850000,-37.906849,-38.026211,1.000000,
-37.906849,26.850000,26.850000,-37.906849,-37.933346,1.000000,
-37.823498,26.850000,26.850000,-37.823498,-37.894314,1.000000,
-37.790134,26.850000,26.850000,-37.790134,-37.809895,1.000000,
-37.758541,26.850000,26.850000,-37.758541,-37.769592,1.000000,
-37.743355,26.850000,26.850000,-37.743355,-37.751354,1.000000,
-37.732944,26.850000,26.850000,-37.732944,-37.743355,1.000000,
-37.732944,26.850000,26.850000,-37.732944,-37.742317,1.000000,
-37.732944,26.850000,26.850000,-37.732944,-37.742317,1.000000,
-37.732944,26.850000,26.850000,-37.732944,-37.742317,1.000000,
-37.732944,26.850000,26.850000,-37.732944,-37.742317,1.000000,
-37.651939,26.850000,26.850000,-37.651939,-37.732944,1.000000,
-37.651939,26.850000,26.850000,-37.651939,-37.732944,1.000000,
-37.651939,26.850000,26.850000,-37.651939,-37.732944,1.000000,
-37.402813,26.850000,26.850000,-37.402813,-37.651939,1.000000,
-37.345783,26.850000,26.850000,-37.345783,-37.402813,1.000000,
-37.193367,26.850000,26.850000,-37.193367,-37.345783,1.000000,
-37.193367,26.850000,26.850000,-37.193367,-37.345783,1.000000,
-37.193367,26.850000,26.850000,-37.193367,-37.278736,1.000000,
-37.193367,26.850000,26.850000,-37.193367,-37.278736,1.000000,
-37.193367,26.850000,26.850000,-37.193367,-37.278736,1.000000,
-37.182800,26.850000,26.850000,-37.182800,-37.193367,1.000000,
-37.182800,26.850000,26.850000,-37.182800,-37.193367,1.000000,
-37.182800,26.850000,26.850000,-37.182800,-37.193367,1.000000,
-37.182800,26.850000,26.850000,-37.182800,-37.193367,1.000000,
-37.124832,26.850000,26.850000,-37.124832,-37.182800,1.000000,
-36.883274,26.850000,26.850000,-36.883274,-37.124832,1.000000,
-36.883274,26.850000,26.850000,-36.883274,-37.068596,1.000000,
-36.883274,26.850000,26.850000,-36.883274,-36.954433,1.000000,
-36.883274,26.850000,26.850000,-36.883274,-36.954433,1.000000,
-36.883274,26.850000,26.850000,-36.883274,-36.954433,1.000000,
-36.883274,26.850000,26.850000,-36.883274,-36.935570,1.000000,
-36.883274,26.850000,26.850000,-36.883274,-36.935570,1.000000,
-36.883274,26.850000,26.850000,-36.883274,-36.935570,1.000000,
-36.883274,26.850000,26.850000,-36.883274,-36.935570,1.000000,
-36.706989,26.850000,26.850000,-36.706989,-36.874786,1.000000,
-36.706989,26.850000,26.850000,-36.706989,-36.730453,1.000000,
-36.706989,26.850000,26.850000,-36.706989,-36.730453,1.000000,
-36.643478,26.850000,26.850000,-36.643478,-36.706989,1.000000,
-36.643478,26.850000,26.850000,-36.643478,-36.706989,1.000000,
-36.391563,26.850000,26.850000,-36.391563,-36.643478,1.000000,
-36.391563,26.850000,26.850000,-36.391563,-36.643478,1.000000,
-36.277225,26.850000,26.850000,-36.277225,-36.391563,1.000000,
-36.277225,26.850000,26.850000,-36.277225,-36.391563,1.000000,
-36.277225,26.850000,26.850000,-36.277225,-36.284836,1.000000,
-36.277225,26.850000,26.850000,-36.277225,-36.284836,1.000000,
-36.277225,26.850000,26.850000,-36.277225,-36.284836,1.000000,
-36.277225,26.850000,26.850000,-36.277225,-36.284836,1.000000,
-36.277225,27.660000,27.660000,-36.277225,-36.284836,1.000000,
-36.277225,27.660000,27.660000,-36.277225,-36.284836,1.000000,
-36.277225,27.660000,27.660000,-36.277225,-36.284836,1.000000,
-36.277225,27.660000,27.660000,-36.277225,-36.284836,1.000000,
-36.168697,27.660000,27.660000,-36.168697,-36.277225,1.000000,
-36.168697,27.660000,27.660000,-36.168697,-36.277225,1.000000,
-36.168697,27.660000,27.660000,-36.168697,-36.277225,1.000000,
-36.168697,27.660000,27.660000,-36.168697,-36.273476,1.000000,
-36.168697,27.660000,27.660000,-36.168697,-36.230148,1.000000,
-36.168697,27.660000,27.660000,-36.168697,-36.230148,1.000000,
-36.168697,27.660000,27.660000,-36.168697,-36.230148,1.000000,
-36.168697,27.660000,27.660000,-36.168697,-36.171463,1.000000,
-36.155151,27.660000,27.660000,-36.155151,-36.168697,1.000000,
-36.155151,27.660000,27.660000,-36.155151,-36.157303,1.000000,
-36.155151,27.660000,27.660000,-36.155151,-36.157303,1.000000,
-36.041645,27.660000,27.660000,-36.041645,-36.155151,1.000000,
-36.041645,27.660000,27.660000,-36.041645,-36.155151,1.000000,
-36.041645,27.660000,27.660000,-36.041645,-36.155151,1.000000,
-35.990150,27.660000,27.660000,-35.990150,-36.012512,1.000000,
-35.885212,27.660000,27.660000,-35.885212,-35.990150,1.000000,
-35.885212,27.660000,27.660000,-35.885212,-35.914299,1.000000,
-35.819450,27.660000,27.660000,-35.819450,-35.885212,1.000000,
-35.819450,27.660000,27.660000,-35.819450,-35.850365,1.000000,
-35.819450,27.660000,27.660000,-35.819450,-35.850365,1.000000,
-35.787792,27.660000,27.660000,-35.787792,-35.819450,1.000000,
-35.787792,27.660000,27.660000,-35.787792,-35.819450,1.000000,
-35.675503,27.660000,27.660000,-35.675503,-35.787792,1.000000,
-35.675503,27.660000,27.660000,-35.675503,-35.716442,1.000000,
-35.554420,27.660000,27.660000,-35.554420,-35.675503,1.000000,
-35.554420,27.660000,27.660000,-35.554420,-35.628723,1.000000,
-35.554420,27.660000,27.660000,-35.554420,-35.580536,1.000000,
-35.487770,27.660000,27.660000,-35.487770,-35.554420,1.000000,
-35.431744,27.660000,27.660000,-35.431744,-35.487770,1.000000,
-35.431744,27.660000,27.660000,-35.431744,-35.487770,1.000000,
-35.428562,27.660000,27.660000,-35.428562,-35.431744,1.000000,
-35.321995,27.660000,27.660000,-35.321995,-35.428562,1.000000,
-35.321995,27.660000,27.660000,-35.321995,-35.428562,1.000000,
-35.164658,27.660000,27.660000,-35.164658,-35.321995,1.000000,
-35.164658,27.660000,27.660000,-35.164658,-35.321995,1.000000,
-35.092915,27.660000,27.660000,-35.092915,-35.164658,1.000000,
-35.092915,27.660000,27.660000,-35.092915,-35.164658,1.000000,
-35.092915,27.660000,27.660000,-35.092915,-35.164658,1.000000,
-35.092915,27.660000,27.660000,-35.092915,-35.164658,1.000000,
-35.092915,27.660000,27.660000,-35.092915,-35.164658,1.000000,
-35.075943,27.660000,27.660000,-35.075943,-35.092915,1.000000,
-35.075943,27.660000,27.660000,-35.075943,-35.092915,1.000000,
-35.075943,27.660000,27.660000,-35.075943,-35.092915,1.000000,
-35.075943,27.660000,27.660000,-35.075943,-35.092915,1.000000,
-35.075943,27.660000,27.660000,-35.075943,-35.092915,1.000000,
-35.075943,27.660000,27.660000,-35.075943,-35.092915,1.000000,
-35.019432,28.310001,28.310001,-35.019432,-35.075943,1.000000,
-35.019432,28.310001,28.310001,-35.019432,-35.075943,1.000000,
-35.019432,28.310001,28.310001,-35.019432,-35.021896,1.000000,
-35.019432,28.310001,28.310001,-35.019432,-35.021896,1.000000,
-35.019432,28.310001,28.310001,-35.019432,-35.021896,1.000000,
-34.957474,28.310001,28.310001,-34.957474,-35.019432,1.000000,
-34.957474,28.310001,28.310001,-34.957474,-35.019432,1.000000,
-34.957474,28.310001,28.310001,-34.957474,-35.019432,1.000000,
-34.957474,28.310001,28.310001,-34.957474,-35.019432,1.000000,
-34.957474,28.310001,28.310001,-34.957474,-35.019432,1.000000,
-34.957474,28.310001,28.310001,-34.957474,-35.019432,1.000000,
-34.957474,28.310001,28.310001,-34.957474,-35.019432,1.000000,
-34.867935,28.310001,28.310001,-34.867935,-34.956150,1.000000,
-34.867935,28.310001,28.310001,-34.867935,-34.956150,1.000000,
-34.867935,28.310001,28.310001,-34.867935,-34.956150,1.000000,
-34.867935,28.310001,28.310001,-34.867935,-34.930855,1.000000,
-34.867935,28.310001,28.310001,-34.867935,-34.930855,1.000000,
-34.867935,28.310001,28.310001,-34.867935,-34.930855,1.000000,
-34.867935,28.310001,28.310001,-34.867935,-34.930855,1.000000,
-34.867935,28.310001,28.310001,-34.867935,-34.930855,1.000000,
-34.823105,28.310001,28.310001,-34.823105,-34.867935,1.000000,
-34.823105,28.310001,28.310001,-34.823105,-34.867935,1.000000,
-34.796432,28.310001,28.310001,-34.796432,-34.810902,1.000000,
-34.796432,28.310001,28.310001,-34.796432,-34.810902,1.000000,
-34.796432,28.310001,28.310001,-34.796432,-34.810902,1.000000,
-34.796432,28.310001,28.310001,-34.796432,-34.810902,1.000000,
-34.796432,28.310001,28.310001,-34.796432,-34.810902,1.000000,
-34.757793,28.310001,28.310001,-34.757793,-34.796432,1.000000,
-34.757793,28.310001,28.310001,-34.757793,-34.773785,1.000000,
-34.757793,28.310001,28.310001,-34.757793,-34.773785,1.000000,
-34.757793,28.310001,28.310001,-34.757793,-34.773785,1.000000,
-34.757793,28.310001,28.310001,-34.757793,-34.773785,1.000000,
-34.744381,28.310001,28.310001,-34.744381,-34.757793,1.000000,
-34.744381,28.310001,28.310001,-34.744381,-34.757793,1.000000,
-34.689732,28.310001,28.310001,-34.689732,-34.744381,1.000000,
-34.686726,28.310001,28.310001,-34.686726,-34.689732,1.000000,
-34.686726,28.310001,28.310001,-34.686726,-34.689732,1.000000,
-34.686726,28.310001,28.310001,-34.686726,-34.689732,1.000000,
-34.593426,28.310001,28.310001,-34.593426,-34.686726,1.000000,
-34.593426,28.310001,28.310001,-34.593426,-34.686726,1.000000,
-34.593426,28.310001,28.310001,-34.593426,-34.686726,1.000000,
-34.593426,28.310001,28.310001,-34.593426,-34.686726,1.000000,
-34.593426,28.310001,28.310001,-34.593426,-34.686726,1.000000,
-34.593426,28.310001,28.310001,-34.593426,-34.686726,1.000000,
-34.576733,28.310001,28.310001,-34.576733,-34.593426,1.000000,
-34.576733,28.310001,28.310001,-34.576733,-34.593426,1.000000,
-34.576733,28.310001,28.310001,-34.576733,-34.593426,1.000000,
-34.567921,28.310001,28.310001,-34.567921,-34.576733,1.000000,
-34.522602,28.310001,28.310001,-34.522602,-34.567921,1.000000,
-34.522602,28.310001,28.310001,-34.522602,-34.567921,1.000000,
-34.522602,28.310001,27.680000,-45.874817,-46.006882,1.000000,
-34.522602,28.310001,27.680000,-44.485294,-45.375542,1.000000,
-34.522602,28.310001,27.680000,-44.365829,-44.485294,1.000000,
-34.522602,28.310001,27.680000,-43.815586,-44.004452,1.000000,
-34.522602,28.310001,27.680000,-43.803955,-43.815586,1.000000,
-34.522602,28.310001,27.680000,-43.589161,-43.594524,1.000000,
-34.522602,28.310001,27.680000,-43.257107,-43.301044,1.000000,
-34.522602,28.310001,27.680000,-42.959286,-43.056778,1.000000,
-34.522602,28.310001,27.680000,-42.770481,-42.954231,1.000000,
-34.522602,28.310001,27.680000,-42.651447,-42.687336,1.000000,
-34.522602,28.310001,27.680000,-42.651447,-42.687336,1.000000,
-34.522602,28.310001,27.680000,-42.488850,-42.574558,1.000000,
-34.522602,28.310001,27.680000,-42.471661,-42.488850,1.000000,
-34.522602,28.310001,27.680000,-42.242012,-42.371471,1.000000,
-34.522602,28.310001,27.680000,-42.242012,-42.319958,1.000000,
-34.522602,28.310001,27.680000,-42.067623,-42.214111,1.000000,
-34.522602,28.310001,27.680000,-42.046570,-42.067623,1.000000,
-34.522602,28.310001,27.680000,-41.932323,-42.031376,1.000000,
-34.522602,28.310001,27.680000,-41.806805,-41.889942,1.000000,
-34.522602,28.310001,27.680000,-41.806805,-41.817520,1.000000,
-34.522602,28.310001,27.680000,-41.489487,-41.806805,1.000000,
-34.522602,28.310001,27.680000,-41.489487,-41.578869,1.000000,
-34.522602,28.310001,27.680000,-41.489487,-41.528164,1.000000,
-34.522602,28.310001,27.680000,-41.407742,-41.489487,1.000000,
-34.522602,28.310001,27.680000,-41.360149,-41.407742,1.000000,
-34.522602,28.310001,27.680000,-41.137989,-41.360149,1.000000,
-34.522602,28.310001,27.680000,-41.137989,-41.241432,1.000000,
-34.522602,28.310001,27.680000,-41.123604,-41.137989,1.000000,
-34.522602,28.310001,27.680000,-40.735397,-40.906178,1.000000,
-34.522602,28.310001,27.680000,-40.735397,-40.877666,1.000000,
-34.522602,28.310001,27.680000,-40.735397,-40.771881,1.000000,
-34.522602,28.310001,27.680000,-40.722042,-40.722954,1.000000,
-34.522602,28.310001,27.680000,-40.665771,-40.722042,1.000000,
-34.522602,28.310001,27.680000,-40.603348,-40.603916,1.000000,
-34.522602,28.310001,27.680000,-40.506897,-40.540848,1.000000,
-34.522602,28.310001,27.680000,-40.506897,-40.533817,1.000000,
-34.522602,28.310001,27.680000,-40.389244,-40.472698,1.000000,
-34.522602,28.310001,27.680000,-40.317356,-40.320816,1.000000,
-34.522602,28.310001,27.680000,-40.316017,-40.317356,1.000000,
-34.522602,28.310001,27.680000,-40.206604,-40.307442,1.000000,
-34.522602,28.310001,27.680000,-40.206604,-40.281895,1.000000,
-34.522602,28.310001,27.680000,-40.145885,-40.187286,1.000000,
-34.522602,28.310001,27.680000,-40.060421,-40.145885,1.000000,
-34.522602,28.310001,27.680000,-40.060421,-40.145885,1.000000,
-34.522602,28.310001,27.680000,-39.884876,-40.016376,1.000000,
-34.522602,28.310001,27.680000,-39.884876,-39.891537,1.000000,
-34.522602,28.310001,27.680000,-39.884876,-39.891537,1.000000,
-34.522602,28.310001,27.680000,-39.745396,-39.884876,1.000000,
-34.522602,28.310001,27.680000,-39.621906,-39.695419,1.000000,
-34.522602,28.310001,27.680000,-39.487476,-39.621906,1.000000,
-34.522602,28.310001,27.739998,-40.567280,-40.579235,1.000000,
-34.522602,28.310001,27.739998,-39.794552,-40.209820,1.000000,
-34.522602,28.310001,27.739998,-39.794552,-39.872643,1.000000,
-34.522602,28.310001,27.739998,-39.421898,-39.794552,1.000000,
-34.522602,28.310001,27.739998,-39.421898,-39.765236,1.000000,
-34.522602,28.310001,27.739998,-39.227573,-39.421898,1.000000,
-34.522602,28.310001,27.739998,-39.227573,-39.421898,1.000000,
-34.522602,28.310001,27.739998,-39.227573,-39.421898,1.000000,
-34.522602,28.310001,27.739998,-39.227573,-39.378448,1.000000,
-34.522602,28.310001,27.739998,-39.227573,-39.378448,1.000000,
-34.522602,28.310001,27.739998,-39.227573,-39.378448,1.000000,
-34.522602,28.310001,27.739998,-39.128872,-39.211514,1.000000,
-34.522602,28.310001,27.739998,-39.128872,-39.211514,1.000000,
-34.522602,28.310001,27.739998,-39.128872,-39.211514,1.000000,
-34.522602,28.310001,27.739998,-38.903820,-39.128872,1.000000,
-34.522602,28.310001,27.739998,-38.903820,-38.959297,1.000000,
-34.522602,28.310001,27.739998,-38.708206,-38.903820,1.000000,
-34.522602,28.310001,27.739998,-38.708206,-38.735764,1.000000,
-34.522602,28.310001,27.739998,-38.605766,-38.708206,1.000000,
-34.522602,28.310001,27.739998,-38.605766,-38.708206,1.000000,
-34.522602,28.310001,27.739998,-38.480022,-38.605766,1.000000,
-34.522602,28.310001,27.739998,-38.480022,-38.605766,1.000000,
-34.522602,28.310001,27.739998,-38.480022,-38.562069,1.000000,
-34.522602,28.310001,27.739998,-38.480022,-38.548717,1.000000,
-34.522602,28.310001,27.739998,-38.480022,-38.548717,1.000000,
-34.522602,28.310001,27.739998,-38.480022,-38.548717,1.000000,
-34.522602,28.310001,27.739998,-38.315170,-38.480022,1.000000,
-34.522602,28.310001,27.739998,-38.315170,-38.480022,1.000000,
-34.522602,28.310001,27.739998,-38.315170,-38.419319,1.000000,
-34.522602,28.310001,27.739998,-38.298328,-38.315170,1.000000,
-34.522602,28.310001,27.739998,-38.298328,-38.315170,1.000000,
-34.522602,28.310001,27.739998,-38.263042,-38.298328,1.000000,
-34.522602,28.310001,27.739998,-38.263042,-38.298328,1.000000,
-34.522602,28.310001,27.739998,-38.213219,-38.235130,1.000000,
-34.522602,28.310001,27.739998,-38.213219,-38.235130,1.000000,
-34.522602,28.310001,27.739998,-38.213219,-38.235130,1.000000,
-34.522602,28.310001,27.739998,-38.177223,-38.213219,1.000000,
-34.522602,28.310001,27.739998,-38.177223,-38.213219,1.000000,
-34.522602,28.310001,27.739998,-38.067776,-38.177223,1.000000,
-34.522602,28.310001,27.739998,-38.067776,-38.134678,1.000000,
-34.522602,28.310001,27.739998,-38.067776,-38.081448,1.000000,
-34.522602,28.310001,27.739998,-37.833855,-38.009151,1.000000,
-34.522602,28.310001,27.739998,-37.833855,-37.953186,1.000000,
-34.522602,28.310001,27.739998,-37.598511,-37.833855,1.000000,
-34.522602,28.310001,27.739998,-37.598511,-37.833855,1.000000,
-34.522602,28.310001,27.739998,-37.451633,-37.598511,1.000000,
-34.522602,28.310001,27.739998,-37.451633,-37.589722,1.000000,
-34.522602,28.310001,27.739998,-37.451633,-37.589722,1.000000,
-34.522602,28.310001,27.739998,-37.445961,-37.451633,1.000000,
-34.522602,28.310001,27.739998,-37.445961,-37.451633,1.000000,
-34.522602,31.079998,31.079998,-37.445961,-37.451633,1.000000,
-34.522602,31.079998,31.079998,-37.445961,-37.451633,1.000000,
-34.522602,31.079998,31.079998,-37.445961,-37.451633,1.000000,
-34.522602,31.079998,31.079998,-37.444347,-37.445961,1.000000,
-34.522602,31.079998,31.079998,-37.427948,-37.444347,1.000000,
-34.522602,31.079998,31.079998,-37.354794,-37.385983,1.000000,
-34.522602,31.079998,31.079998,-36.947220,-37.255806,1.000000,
-34.522602,31.079998,31.079998,-36.947220,-37.108810,1.000000,
-34.522602,31.079998,31.079998,-36.947220,-37.066902,1.000000,
-34.522602,31.079998,31.079998,-36.947220,-37.066902,1.000000,
-34.522602,31.079998,31.079998,-36.916508,-36.947220,1.000000,
-34.522602,31.079998,31.079998,-36.916508,-36.947220,1.000000,
-34.522602,31.079998,31.079998,-36.916508,-36.939362,1.000000,
-34.522602,31.079998,31.079998,-36.916508,-36.939362,1.000000,
-34.522602,31.079998,31.079998,-36.771511,-36.897972,1.000000,
-34.522602,31.079998,31.079998,-36.749546,-36.771511,1.000000,
-34.522602,31.079998,31.079998,-36.737358,-36.749546,1.000000,
-34.522602,31.079998,31.079998,-36.737358,-36.749546,1.000000,
-34.522602,31.079998,31.079998,-36.737358,-36.749546,1.000000,
-34.522602,31.079998,31.079998,-36.642464,-36.737358,1.000000,
-34.522602,31.079998,31.079998,-36.642464,-36.737358,1.000000,
-34.522602,31.079998,31.079998,-36.642464,-36.663219,1.000000,
-34.522602,31.079998,31.079998,-36.642464,-36.663219,1.000000,
-34.522602,31.079998,31.079998,-36.637077,-36.642464,1.000000,
-34.522602,31.079998,31.079998,-36.637077,-36.642464,1.000000,
-34.522602,31.079998,31.079998,-36.637077,-36.642464,1.000000,
-34.522602,31.079998,31.079998,-36.606701,-36.637077,1.000000,
-34.522602,31.079998,31.079998,-36.606701,-36.620903,1.000000,
-34.522602,31.079998,31.079998,-36.591751,-36.606701,1.000000,
-34.522602,31.079998,31.079998,-36.546494,-36.591751,1.000000,
-34.522602,31.079998,31.079998,-36.491196,-36.546494,1.000000,
-34.522602,31.079998,31.079998,-36.491196,-36.546494,1.000000,
-34.522602,31.079998,31.079998,-36.358353,-36.491196,1.000000,
-34.522602,31.079998,31.079998,-36.358353,-36.491196,1.000000,
-34.522602,31.079998,31.079998,-36.257454,-36.358353,1.000000,
-34.522602,31.079998,31.079998,-36.257454,-36.358353,1.000000,
-34.522602,31.079998,31.079998,-36.257454,-36.317661,1.000000,
-34.522602,31.079998,31.079998,-36.257454,-36.317661,1.000000,
-34.522602,31.079998,31.079998,-36.257454,-36.317661,1.000000,
-34.522602,31.079998,31.079998,-36.257454,-36.317661,1.000000,
-34.522602,31.079998,31.079998,-36.257454,-36.287598,1.000000,
-34.522602,31.079998,31.079998,-36.257454,-36.287598,1.000000,
-34.522602,31.079998,31.079998,-36.257454,-36.287598,1.000000,
-34.522602,31.079998,31.079998,-36.166195,-36.257454,1.000000,
-34.522602,31.079998,31.079998,-36.151337,-36.166195,1.000000,
-34.522602,31.079998,31.079998,-36.151337,-36.166195,1.000000,
-34.522602,31.079998,31.079998,-36.151337,-36.166195,1.000000,
-34.522602,31.079998,31.079998,-36.151337,-36.166195,1.000000,
-34.522602,31.079998,31.079998,-36.151337,-36.166195,1.000000,
-34.522602,31.079998,31.079998,-36.151337,-36.152348,1.000000,
-34.522602,32.200001,32.200001,-36.151337,-36.152348,1.000000,
-34.522602,32.200001,32.200001,-36.151337,-36.152348,1.000000,
-34.522602,32.200001,32.200001,-36.151337,-36.152348,1.000000,
-34.522602,32.200001,32.200001,-36.151337,-36.152348,1.000000,
-34.522602,32.200001,32.200001,-36.151337,-36.152348,1.000000,
-34.522602,32.200001,32.200001,-36.151337,-36.152348,1.000000,
-34.522602,32.200001,32.200001,-36.151337,-36.152348,1.000000,
-34.522602,32.200001,32.200001,-36.151337,-36.152348,1.000000,
-34.522602,32.200001,32.200001,-36.151337,-36.152348,1.000000,
-34.522602,32.200001,32.200001,-36.151337,-36.152348,1.000000,
-34.522602,32.200001,32.200001,-36.151337,-36.152348,1.000000,
-34.522602,32.200001,32.200001,-36.151337,-36.152348,1.000000,
-34.522602,32.200001,32.200001,-36.146111,-36.151337,1.000000,
-34.522602,32.200001,32.200001,-36.146111,-36.151337,1.000000,
-34.522602,32.200001,32.200001,-36.146111,-36.151337,1.000000,
-34.522602,32.200001,32.200001,-35.922867,-36.146111,1.000000,
-34.522602,32.200001,32.200001,-35.922867,-36.146111,1.000000,
-34.522602,32.200001,32.200001,-35.759853,-35.922867,1.000000,
-34.522602,32.200001,32.200001,-35.759853,-35.922867,1.000000,
-34.522602,32.200001,32.200001,-35.610626,-35.759853,1.000000,
-34.522602,32.200001,32.200001,-35.610626,-35.759853,1.000000,
-34.522602,32.200001,32.200001,-35.610626,-35.612164,1.000000,
-34.522602,32.200001,32.200001,-35.610626,-35.612164,1.000000,
-34.522602,32.200001,32.200001,-35.610626,-35.612164,1.000000,
-34.522602,32.200001,32.200001,-35.610626,-35.612164,1.000000,
-34.522602,32.200001,32.200001,-35.610626,-35.612164,1.000000,
-34.522602,32.200001,32.200001,-35.610626,-35.612164,1.000000,
-34.522602,32.200001,32.200001,-35.610626,-35.612164,1.000000,
-34.522602,32.200001,32.200001,-35.610626,-35.612164,1.000000,
-34.522602,32.200001,32.200001,-35.610626,-35.612164,1.000000,
-34.522602,32.200001,32.200001,-35.610626,-35.612164,1.000000,
-34.522602,32.200001,32.200001,-35.610626,-35.612164,1.000000,
-34.522602,32.200001,32.200001,-35.610626,-35.612164,1.000000,
-34.522602,32.200001,32.200001,-35.610626,-35.612164,1.000000,
-34.522602,32.200001,32.200001,-35.610626,-35.612164,1.000000,
-34.522602,32.200001,32.200001,-35.610626,-35.612164,1.000000,
-34.522602,32.200001,32.200001,-35.610626,-35.612164,1.000000,
-34.522602,32.200001,32.200001,-35.610626,-35.612164,1.000000,
-34.522602,32.200001,32.200001,-35.610626,-35.612164,1.000000,
-34.522602,32.200001,32.200001,-35.610626,-35.612164,1.000000,
-34.522602,32.200001,32.200001,-35.610626,-35.612164,1.000000,
-34.522602,32.200001,32.200001,-35.588551,-35.610626,1.000000,
-34.522602,32.200001,32.200001,-35.579399,-35.588551,1.000000,
-34.522602,32.200001,32.200001,-35.579399,-35.588551,1.000000,
-34.522602,32.200001,32.200001,-35.579399,-35.588551,1.000000,
-34.522602,32.200001,32.200001,-35.579399,-35.588551,1.000000,
-34.522602,32.200001,32.200001,-35.579399,-35.588551,1.000000,
-34.522602,32.200001,32.200001,-35.533436,-35.579399,1.000000,
-34.522602,32.200001,32.200001,-35.533436,-35.579399,1.000000,
-34.522602,32.200001,32.200001,-35.479301,-35.533436,1.000000,
-34.522602,32.470001,32.470001,-35.479301,-35.533436,1.000000,
-34.522602,32.470001,32.470001,-35.436172,-35.479301,1.000000,
-34.522602,32.470001,32.470001,-35.418835,-35.436172,1.000000,
-34.522602,32.470001,32.470001,-35.418835,-35.436172,1.000000,
-34.522602,32.470001,32.470001,-35.418835,-35.436172,1.000000,
-34.522602,32.470001,32.470001,-35.418835,-35.436172,1.000000,
-34.522602,32.470001,32.470001,-35.418835,-35.436172,1.000000,
-34.522602,32.470001,32.470001,-35.316895,-35.418835,1.000000,
-34.522602,32.470001,32.470001,-34.728809,-35.316895,1.000000,
-34.522602,32.470001,32.470001,-34.728809,-35.063961,1.000000,
-34.522602,32.470001,32.470001,-34.728809,-34.991982,1.000000,
-34.522602,32.470001,32.470001,-34.728809,-34.991982,1.000000,
-34.522602,32.470001,32.470001,-34.728809,-34.771332,1.000000,
-34.522602,32.470001,32.470001,-34.728809,-34.771332,1.000000,
-34.522602,32.470001,32.470001,-34.728809,-34.771332,1.000000,
-34.522602,32.470001,32.470001,-34.728809,-34.771332,1.000000,
-34.522602,32.470001,32.470001,-34.728809,-34.771332,1.000000,
-34.522602,32.470001,32.470001,-34.728809,-34.771332,1.000000,
-34.522602,32.470001,32.470001,-34.728809,-34.771332,1.000000,
-34.522602,32.470001,32.470001,-34.728809,-34.771332,1.000000,
-34.522602,32.470001,32.470001,-34.728809,-34.771332,1.000000,
-34.522602,32.470001,32.470001,-34.728809,-34.771332,1.000000,
-34.522602,32.470001,32.470001,-34.728809,-34.771332,1.000000,
-34.522602,32.470001,32.470001,-34.728809,-34.771332,1.000000,
-34.522602,32.470001,32.470001,-34.728809,-34.771332,1.000000,
-34.522602,32.470001,32.470001,-34.728809,-34.771332,1.000000,
-34.522602,32.470001,32.470001,-34.728809,-34.771332,1.000000,
-34.522602,32.470001,32.470001,-34.728809,-34.771332,1.000000,
-34.522602,32.470001,32.470001,-34.728809,-34.771332,1.000000,
-34.522602,32.470001,32.470001,-34.728809,-34.771332,1.000000,
-34.522602,32.470001,32.470001,-34.728809,-34.771332,1.000000,
-34.522602,32.470001,32.470001,-34.728809,-34.771332,1.000000,
-34.522602,32.470001,32.470001,-34.728809,-34.771332,1.000000,
-34.522602,32.470001,32.470001,-34.728809,-34.771332,1.000000,
-34.522602,32.470001,32.470001,-34.728809,-34.771332,1.000000,
-34.522602,32.470001,32.470001,-34.728809,-34.771332,1.000000,
-34.522602,32.470001,32.470001,-34.728809,-34.771332,1.000000,
-34.522602,32.470001,32.470001,-34.728809,-34.771332,1.000000,
-34.522602,32.470001,32.470001,-34.728809,-34.771332,1.000000,
-34.522602,32.470001,32.470001,-34.728809,-34.771332,1.000000,
-34.522602,32.470001,32.470001,-34.728809,-34.771332,1.000000,
-34.522602,32.470001,32.470001,-34.728809,-34.771332,1.000000,
-34.522602,32.470001,32.470001,-34.728809,-34.771332,1.000000,
-34.522602,32.470001,32.470001,-34.728809,-34.771332,1.000000,
-34.522602,32.470001,32.470001,-34.728809,-34.771332,1.000000,
-34.522602,32.470001,32.470001,-34.728809,-34.771332,1.000000,
-34.522602,32.470001,32.470001,-34.728809,-34.771332,1.000000,
-34.522602,32.470001,32.470001,-34.728809,-34.771332,1.000000,
-34.522602,32.470001,32.470001,-34.728809,-34.771332,1.000000,
-34.509644,32.470001,32.470001,-34.509644,-34.728809,1.000000,
-34.509644,32.470001,31.459999,-44.636219,-44.665852,1.000000,
-34.509644,32.470001,31.459999,-43.652283,-44.262711,1.000000,
-34.509644,32.470001,31.459999,-43.466213,-43.652283,1.000000,
-34.509644,32.470001,31.459999,-43.283047,-43.336239,1.000000,
-34.509644,32.470001,31.459999,-43.105167,-43.253548,1.000000,
-34.509644,32.470001,31.459999,-43.105167,-43.113110,1.000000,
-34.509644,32.470001,31.459999,-42.943920,-43.105167,1.000000,
-34.509644,32.470001,31.459999,-42.872845,-42.906475,1.000000,
-34.509644,32.470001,31.459999,-42.823635,-42.872845,1.000000,
-34.509644,32.470001,31.459999,-42.796474,-42.823635,1.000000,
-34.509644,32.470001,31.459999,-42.534077,-42.759426,1.000000,
-34.509644,32.470001,31.459999,-42.534077,-42.613785,1.000000,
-34.509644,32.470001,31.459999,-42.317684,-42.454651,1.000000,
-34.509644,32.470001,31.459999,-42.317684,-42.394081,1.000000,
-34.509644,32.470001,31.459999,-42.317684,-42.346695,1.000000,
-34.509644,32.470001,31.459999,-42.245705,-42.317684,1.000000,
-34.509644,32.470001,31.459999,-42.230171,-42.245705,1.000000,
-34.509644,32.470001,31.459999,-42.072170,-42.227921,1.000000,
-34.509644,32.470001,31.459999,-41.938183,-42.072170,1.000000,
-34.509644,32.470001,31.459999,-41.938183,-41.949158,1.000000,
-34.509644,32.470001,31.459999,-41.938183,-41.949158,1.000000,
-34.509644,32.470001,31.459999,-41.938183,-41.949158,1.000000,
-34.509644,32.470001,31.459999,-41.938183,-41.949055,1.000000,
-34.509644,32.470001,31.459999,-41.900257,-41.902435,1.000000,
-34.509644,32.470001,31.459999,-41.667801,-41.884048,1.000000,
-34.509644,32.470001,31.459999,-41.633003,-41.667801,1.000000,
-34.509644,32.470001,31.459999,-41.601673,-41.611832,1.000000,
-34.509644,32.470001,31.459999,-41.601673,-41.611832,1.000000,
-34.509644,32.470001,31.459999,-41.570530,-41.601673,1.000000,
-34.509644,32.470001,31.459999,-41.406277,-41.516960,1.000000,
-34.509644,32.470001,31.459999,-41.406277,-41.516960,1.000000,
-34.509644,32.470001,31.459999,-41.329433,-41.406277,1.000000,
-34.509644,32.470001,31.459999,-41.329433,-41.341488,1.000000,
-34.509644,32.470001,31.459999,-41.269604,-41.329433,1.000000,
-34.509644,32.470001,31.459999,-41.259842,-41.269604,1.000000,
-34.509644,32.470001,31.459999,-41.243130,-41.259842,1.000000,
-34.509644,32.470001,31.459999,-41.243130,-41.259842,1.000000,
-34.509644,32.470001,31.459999,-41.198936,-41.224403,1.000000,
-34.509644,32.470001,31.459999,-41.177139,-41.198936,1.000000,
-34.509644,32.470001,31.459999,-41.169621,-41.177139,1.000000,
-34.509644,32.470001,31.459999,-41.077061,-41.169621,1.000000,
-34.509644,32.470001,31.459999,-41.077061,-41.086170,1.000000,
-34.509644,32.470001,31.459999,-40.855877,-41.077061,1.000000,
-34.509644,32.470001,31.459999,-40.743404,-40.855877,1.000000,
-34.509644,32.470001,31.459999,-40.743404,-40.789719,1.000000,
-34.509644,32.470001,31.459999,-40.743404,-40.789719,1.000000,
-34.509644,32.470001,31.459999,-40.743404,-40.789719,1.000000,
-34.509644,32.470001,31.459999,-40.739761,-40.742233,1.000000,
-34.509644,32.470001,31.459999,-40.739761,-40.742233,1.000000,
-34.509644,32.470001,31.459999,-40.609818,-40.739666,1.000000,
-34.509644,32.470001,28.540001,-43.112442,-43.428539,1.000000,
-34.509644,32.470001,28.540001,-42.715664,-42.765877,1.000000,
-34.509644,32.470001,28.540001,-42.518318,-42.658730,1.000000,
-34.509644,32.470001,28.540001,-42.211525,-42.296276,1.000000,
-34.509644,32.470001,28.540001,-42.211525,-42.236790,1.000000,
-34.509644,32.470001,28.540001,-42.211525,-42.236790,1.000000,
-34.509644,32.470001,28.540001,-41.943722,-42.211525,1.000000,
-34.509644,32.470001,28.540001,-41.758747,-41.943722,1.000000,
-34.509644,32.470001,28.540001,-41.648594,-41.758747,1.000000,
-34.509644,32.470001,28.540001,-41.648594,-41.730503,1.000000,
-34.509644,32.470001,28.540001,-41.648594,-41.730503,1.000000,
-34.509644,32.470001,28.540001,-41.390476,-41.629738,1.000000,
-34.509644,32.470001,28.540001,-41.390476,-41.570705,1.000000,
-34.509644,32.470001,28.540001,-41.390476,-41.420883,1.000000,
-34.509644,32.470001,28.540001,-41.390476,-41.420883,1.000000,
-34.509644,32.470001,28.540001,-41.390476,-41.420883,1.000000,
-34.509644,32.470001,28.540001,-41.181412,-41.191685,1.000000,
-34.509644,32.470001,28.540001,-40.953098,-41.181412,1.000000,
-34.509644,32.470001,28.540001,-40.953098,-40.960289,1.000000,
-34.509644,32.470001,28.540001,-40.953098,-40.960289,1.000000,
-34.509644,32.470001,28.540001,-40.953098,-40.960289,1.000000,
-34.509644,32.470001,28.540001,-40.894730,-40.953098,1.000000,
-34.509644,32.470001,28.540001,-40.782398,-40.894730,1.000000,
-34.509644,32.470001,28.540001,-40.782398,-40.894730,1.000000,
-34.509644,32.470001,28.540001,-40.629417,-40.782398,1.000000,
-34.509644,32.470001,28.540001,-40.629417,-40.769382,1.000000,
-34.509644,32.470001,28.540001,-40.629417,-40.645271,1.000000,
-34.509644,32.470001,28.540001,-40.474770,-40.629417,1.000000,
-34.509644,32.470001,28.540001,-40.474770,-40.511990,1.000000,
-34.509644,32.470001,28.540001,-40.336533,-40.473515,1.000000,
-34.509644,32.470001,28.540001,-40.331627,-40.336533,1.000000,
-34.509644,32.470001,28.540001,-40.331627,-40.336533,1.000000,
-34.509644,32.470001,28.540001,-40.201138,-40.331627,1.000000,
-34.509644,32.470001,28.540001,-40.201138,-40.331627,1.000000,
-34.509644,32.470001,28.540001,-40.036705,-40.201138,1.000000,
-34.509644,32.470001,28.540001,-40.036705,-40.056683,1.000000,
-34.509644,32.470001,28.540001,-39.996178,-40.036705,1.000000,
-34.509644,32.470001,28.540001,-39.996178,-40.036705,1.000000,
-34.509644,32.470001,28.540001,-39.929588,-39.970661,1.000000,
-34.509644,32.470001,28.540001,-39.929588,-39.970661,1.000000,
-34.509644,32.470001,28.540001,-39.819145,-39.929588,1.000000,
-34.509644,32.470001,28.540001,-39.819145,-39.929588,1.000000,
-34.509644,32.470001,28.540001,-39.819145,-39.929588,1.000000,
-34.509644,32.470001,28.540001,-39.732815,-39.819145,1.000000,
-34.509644,32.470001,28.540001,-39.732815,-39.774895,1.000000,
-34.509644,32.470001,28.540001,-39.732815,-39.774895,1.000000,
-34.509644,32.470001,28.540001,-39.732815,-39.774895,1.000000,
-34.509644,32.470001,28.540001,-39.621086,-39.658367,1.000000,
-34.509644,32.470001,28.540001,-39.621086,-39.658367,1.000000,
-34.509644,32.470001,28.540001,-39.512253,-39.621086,1.000000,
-34.509644,32.470001,30.510000,-42.111942,-43.554802,1.000000,
-34.509644,32.470001,30.510000,-41.708473,-41.866234,1.000000,
-34.509644,32.470001,30.510000,-41.708473,-41.736332,1.000000,
-34.509644,32.470001,30.510000,-41.708473,-41.736332,1.000000,
-34.509644,32.470001,30.510000,-41.708473,-41.736332,1.000000,
-34.509644,32.470001,30.510000,-41.708473,-41.736332,1.000000,
-34.509644,32.470001,30.510000,-41.708473,-41.736332,1.000000,
-34.509644,32.470001,30.510000,-41.449131,-41.458355,1.000000,
-34.509644,32.470001,30.510000,-41.449131,-41.458355,1.000000,
-34.509644,32.470001,30.510000,-41.357803,-41.377682,1.000000,
-34.509644,32.470001,30.510000,-41.130146,-41.168377,1.000000,
-34.509644,32.470001,30.510000,-41.120831,-41.130146,1.000000,
-34.509644,32.470001,30.510000,-40.833359,-40.967209,1.000000,
-34.509644,32.470001,30.510000,-40.765911,-40.833359,1.000000,
-34.509644,32.470001,30.510000,-40.745724,-40.765911,1.000000,
-34.509644,32.470001,30.510000,-40.577164,-40.638145,1.000000,
-34.509644,32.470001,30.510000,-40.547691,-40.577164,1.000000,
-34.509644,32.470001,30.510000,-40.503563,-40.547691,1.000000,
-34.509644,32.470001,30.510000,-40.397739,-40.503563,1.000000,
-34.509644,32.470001,30.510000,-40.397739,-40.503563,1.000000,
-34.509644,32.470001,30.510000,-40.238194,-40.397739,1.000000,
-34.509644,32.470001,30.510000,-40.238194,-40.307526,1.000000,
-34.509644,32.470001,30.510000,-40.184620,-40.238194,1.000000,
-34.509644,32.470001,30.510000,-40.184620,-40.231117,1.000000,
-34.509644,32.470001,30.510000,-40.184620,-40.231117,1.000000,
-34.509644,32.470001,30.510000,-40.184620,-40.231117,1.000000,
-34.509644,32.470001,30.510000,-40.184620,-40.224976,1.000000,
-34.509644,32.470001,30.510000,-40.116566,-40.139301,1.000000,
-34.509644,32.470001,30.510000,-40.116566,-40.139301,1.000000,
-34.509644,32.470001,30.510000,-40.116566,-40.139301,1.000000,
-34.509644,32.470001,30.510000,-40.116566,-40.139301,1.000000,
-34.509644,32.470001,30.510000,-40.056107,-40.116566,1.000000,
-34.509644,32.470001,30.510000,-40.054897,-40.056107,1.000000,
-34.509644,32.470001,30.510000,-40.054897,-40.056107,1.000000,
-34.509644,32.470001,30.510000,-40.054897,-40.056107,1.000000,
-34.509644,32.470001,30.510000,-40.054897,-40.056107,1.000000,
-34.509644,32.470001,30.510000,-40.054897,-40.056107,1.000000,
-34.509644,32.470001,30.510000,-40.052292,-40.054897,1.000000,
-34.509644,32.470001,30.510000,-40.052292,-40.054897,1.000000,
-34.509644,32.470001,30.510000,-39.899292,-40.044327,1.000000,
-34.509644,32.470001,30.510000,-39.899292,-39.988014,1.000000,
-34.509644,32.470001,30.510000,-39.899292,-39.948891,1.000000,
-34.509644,32.470001,30.510000,-39.854389,-39.899292,1.000000,
-34.509644,32.470001,30.510000,-39.475372,-39.854389,1.000000,
-34.509644,32.470001,30.510000,-39.475372,-39.602207,1.000000,
-34.509644,32.470001,30.510000,-39.383259,-39.475372,1.000000,
-34.509644,32.470001,30.510000,-39.383259,-39.475372,1.000000,
-34.509644,32.470001,30.510000,-39.321075,-39.382565,1.000000,
-34.509644,32.470001,30.510000,-39.321075,-39.333076,1.000000,
-34.509644,32.470001,30.510000,-39.273186,-39.321075,1.000000,
-34.509644,32.470001,29.219999,-40.526779,-41.501770,1.000000,
-34.509644,32.470001,29.219999,-40.526779,-40.598122,1.000000,
-34.509644,32.470001,29.219999,-40.526779,-40.598122,1.000000,
-34.509644,32.470001,29.219999,-40.526779,-40.598122,1.000000,
-34.509644,32.470001,29.219999,-40.467896,-40.526779,1.000000,
-34.509644,32.470001,29.219999,-40.369621,-40.467896,1.000000,
-34.509644,32.470001,29.219999,-40.369621,-40.405151,1.000000,
-34.509644,32.470001,29.219999,-40.341599,-40.369621,1.000000,
-34.509644,32.470001,29.219999,-40.214542,-40.312477,1.000000,
-34.509644,32.470001,29.219999,-40.133446,-40.197132,1.000000,
-34.509644,32.470001,29.219999,-40.027168,-40.133446,1.000000,
-34.509644,32.470001,29.219999,-39.890358,-40.027168,1.000000,
-34.509644,32.470001,29.219999,-39.744621,-39.890358,1.000000,
-34.509644,32.470001,29.219999,-39.744381,-39.744621,1.000000,
-34.509644,32.470001,29.219999,-39.525021,-39.581341,1.000000,
-34.509644,32.470001,29.219999,-39.475727,-39.495098,1.000000,
-34.509644,32.470001,29.219999,-39.445152,-39.475727,1.000000,
-34.509644,32.470001,29.219999,-39.386917,-39.445152,1.000000,
-34.509644,32.470001,29.219999,-39.161648,-39.386917,1.000000,
-34.509644,32.470001,29.219999,-39.161648,-39.382389,1.000000,
-34.509644,32.470001,29.219999,-39.161648,-39.213768,1.000000,
-34.509644,32.470001,29.219999,-39.058292,-39.058586,1.000000,
-34.509644,32.470001,29.219999,-39.058292,-39.058586,1.000000,
-34.509644,32.470001,29.219999,-39.038708,-39.058292,1.000000,
-34.509644,32.470001,29.219999,-38.738670,-39.038708,1.000000,
-34.509644,32.470001,29.219999,-38.738670,-38.805458,1.000000,
-34.509644,32.470001,29.219999,-38.513302,-38.571392,1.000000,
-34.509644,32.470001,29.219999,-38.513302,-38.514069,1.000000,
-34.509644,32.470001,29.219999,-38.368629,-38.513302,1.000000,
-34.509644,32.470001,29.219999,-38.087826,-38.220860,1.000000,
-34.509644,32.470001,29.219999,-38.087086,-38.087826,1.000000,
-34.509644,32.470001,29.219999,-38.087086,-38.087826,1.000000,
-34.509644,32.470001,29.219999,-37.991394,-38.087086,1.000000,
-34.509644,32.470001,29.219999,-37.683098,-37.991394,1.000000,
-34.509644,32.470001,29.219999,-37.683098,-37.819878,1.000000,
-34.509644,32.470001,29.219999,-37.578930,-37.683098,1.000000,
-34.509644,32.470001,29.219999,-37.481895,-37.497509,1.000000,
-34.509644,32.470001,29.219999,-37.481895,-37.497509,1.000000,
-34.509644,32.470001,29.219999,-37.481895,-37.497509,1.000000,
-34.509644,32.470001,29.219999,-37.474773,-37.481895,1.000000,
-34.509644,32.470001,29.219999,-37.406090,-37.435841,1.000000,
-34.509644,32.470001,29.219999,-37.159245,-37.406090,1.000000,
-34.509644,32.470001,29.219999,-37.159245,-37.160969,1.000000,
-34.509644,32.470001,29.219999,-36.765331,-37.159245,1.000000,
-34.509644,32.470001,29.219999,-36.609882,-36.741131,1.000000,
-34.509644,32.470001,29.219999,-36.609882,-36.692997,1.000000,
-34.509644,32.470001,29.219999,-36.609882,-36.624218,1.000000,
-34.509644,32.470001,29.219999,-36.609882,-36.621620,1.000000,
-34.509644,32.470001,29.219999,-36.535027,-36.589081,1.000000,
-34.509644,32.470001,29.219999,-36.535027,-36.589081,1.000000,
-34.509644,32.740002,32.740002,-36.463821,-36.484905,1.000000,
-34.509644,32.740002,32.740002,-36.307774,-36.403515,1.000000,
-34.509644,32.740002,32.740002,-36.307774,-36.403515,1.000000,
-34.509644,32.740002,32.740002,-36.206123,-36.207275,1.000000,
-34.509644,32.740002,32.740002,-36.206123,-36.207275,1.000000,
-34.509644,32.740002,32.740002,-36.206123,-36.207275,1.000000,
-34.509644,32.740002,32.740002,-36.190983,-36.206123,1.000000,
-34.509644,32.740002,32.740002,-36.020844,-36.190983,1.000000,
-34.509644,32.740002,32.740002,-36.020844,-36.185089,1.000000,
-34.509644,32.740002,32.740002,-35.890072,-35.988762,1.000000,
-34.509644,32.740002,32.740002,-35.890072,-35.988762,1.000000,
-34.509644,32.740002,32.740002,-35.890072,-35.988762,1.000000,
-34.509644,32.740002,32.740002,-35.890072,-35.988762,1.000000,
-34.509644,32.740002,32.740002,-35.834789,-35.890072,1.000000,
-34.509644,32.740002,32.740002,-35.796963,-35.834789,1.000000,
-34.509644,32.740002,32.740002,-35.630119,-35.740555,1.000000,
-34.509644,32.740002,32.740002,-35.630119,-35.740555,1.000000,
-34.509644,32.740002,32.740002,-35.630119,-35.645008,1.000000,
-34.509644,32.740002,32.740002,-35.449127,-35.630119,1.000000,
-34.509644,32.740002,32.740002,-35.449127,-35.475101,1.000000,
-34.509644,32.740002,32.740002,-35.449127,-35.454357,1.000000,
-34.509644,32.740002,32.740002,-35.445183,-35.449127,1.000000,
-34.509644,32.740002,32.740002,-35.445183,-35.449127,1.000000,
-34.509644,32.740002,32.740002,-35.293289,-35.445183,1.000000,
-34.509644,32.740002,32.740002,-34.934486,-35.293289,1.000000,
-34.509644,32.740002,32.740002,-34.931736,-34.934486,1.000000,
-34.509644,32.740002,32.740002,-34.931736,-34.934486,1.000000,
-34.509644,32.740002,32.740002,-34.896965,-34.931736,1.000000,
-34.509644,32.740002,32.740002,-34.896965,-34.931736,1.000000,
-34.509644,32.740002,32.740002,-34.896965,-34.931736,1.000000,
-34.509644,32.740002,32.740002,-34.896965,-34.931736,1.000000,
-34.509644,32.740002,32.740002,-34.852047,-34.896965,1.000000,
-34.509644,32.740002,32.740002,-34.852047,-34.896965,1.000000,
-34.509644,32.740002,32.740002,-34.852047,-34.896965,1.000000,
-34.509644,32.740002,32.740002,-34.852047,-34.896965,1.000000,
-34.509644,32.740002,32.740002,-34.852047,-34.896965,1.000000,
-34.509644,32.740002,32.740002,-34.852047,-34.886414,1.000000,
-34.509644,32.740002,32.740002,-34.852047,-34.886414,1.000000,
-34.509644,32.740002,32.740002,-34.852047,-34.886414,1.000000,
-34.509644,32.740002,32.740002,-34.852047,-34.886414,1.000000,
-34.509644,32.740002,32.740002,-34.852047,-34.886414,1.000000,
-34.509644,32.740002,32.740002,-34.852047,-34.886414,1.000000,
-34.509644,32.740002,32.740002,-34.852047,-34.886414,1.000000,
-34.509644,32.740002,32.740002,-34.817989,-34.852047,1.000000,
-34.509644,32.740002,32.740002,-34.817989,-34.852047,1.000000,
-34.509644,32.740002,32.740002,-34.817989,-34.852047,1.000000,
-34.509644,32.740002,32.740002,-34.720627,-34.817989,1.000000,
-34.509644,32.740002,32.740002,-34.720627,-34.774761,1.000000,
-34.509644,32.740002,32.740002,-34.720627,-34.774761,1.000000,
-34.509644,32.740002,32.740002,-34.660439,-34.720627,1.000000,
-34.509644,32.820000,32.820000,-34.660439,-34.720627,1.000000,
-34.509644,32.820000,32.820000,-34.660439,-34.720627,1.000000,
-34.374813,32.820000,32.820000,-34.374813,-34.654713,1.000000,
-34.374813,32.820000,32.820000,-34.374813,-34.485897,1.000000,
-34.374813,32.820000,32.820000,-34.374813,-34.485897,1.000000,
-34.374813,32.820000,32.820000,-34.374813,-34.400364,1.000000,
-34.311245,32.820000,32.820000,-34.311245,-34.372440,1.000000,
-34.311245,32.820000,32.820000,-34.311245,-34.368385,1.000000,
-34.171711,32.820000,32.820000,-34.171711,-34.251072,1.000000,
-34.171711,32.820000,32.820000,-34.171711,-34.176407,1.000000,
-34.157505,32.820000,32.820000,-34.157505,-34.171711,1.000000,
-34.074966,32.820000,32.820000,-34.074966,-34.131596,1.000000,
-34.072735,32.820000,32.820000,-34.072735,-34.074966,1.000000,
-34.072735,32.820000,32.820000,-34.072735,-34.074966,1.000000,
-33.989761,32.820000,32.820000,-33.989761,-34.033138,1.000000,
-33.989761,32.820000,32.820000,-33.989761,-34.033138,1.000000,
-33.700268,32.820000,32.820000,-33.700268,-33.989761,1.000000,
-33.700268,32.820000,32.820000,-33.700268,-33.815113,1.000000,
-33.700268,32.820000,32.820000,-33.700268,-33.798595,1.000000,
-33.700268,32.820000,32.820000,-33.700268,-33.798595,1.000000,
-33.694397,32.820000,32.820000,-33.694397,-33.700268,1.000000,
-33.694397,32.820000,32.820000,-33.694397,-33.700268,1.000000,
-33.636108,32.820000,32.820000,-33.636108,-33.694397,1.000000,
-33.573322,32.820000,32.820000,-33.573322,-33.636108,1.000000,
-33.573322,32.820000,32.820000,-33.573322,-33.626755,1.000000,
-33.573322,32.820000,32.820000,-33.573322,-33.612556,1.000000,
-33.573322,32.820000,32.820000,-33.573322,-33.584217,1.000000,
-33.553886,32.820000,32.820000,-33.553886,-33.573322,1.000000,
-33.553886,32.820000,32.820000,-33.553886,-33.573322,1.000000,
-33.489147,32.820000,32.820000,-33.489147,-33.553886,1.000000,
-33.489147,32.820000,32.820000,-33.489147,-33.549088,1.000000,
-33.481972,32.820000,32.820000,-33.481972,-33.489147,1.000000,
-33.327923,32.820000,32.820000,-33.327923,-33.439999,1.000000,
-33.327923,32.820000,32.820000,-33.327923,-33.365944,1.000000,
-33.171524,32.820000,32.820000,-33.171524,-33.327923,1.000000,
-33.171524,32.820000,32.820000,-33.171524,-33.268192,1.000000,
-33.171524,32.820000,32.820000,-33.171524,-33.226120,1.000000,
-33.169312,32.820000,32.820000,-33.169312,-33.171524,1.000000,
-33.169312,32.820000,32.820000,-33.169312,-33.171524,1.000000,
-33.169312,32.820000,32.820000,-33.169312,-33.171524,1.000000,
-33.168938,32.820000,32.820000,-33.168938,-33.169312,1.000000,
-33.168938,32.820000,32.820000,-33.168938,-33.169312,1.000000,
-33.024506,32.820000,32.820000,-33.024506,-33.084080,1.000000,
-33.024506,32.820000,32.820000,-33.024506,-33.084080,1.000000,
-33.024506,32.820000,32.820000,-33.024506,-33.069885,1.000000,
-33.024506,32.820000,32.820000,-33.024506,-33.069885,1.000000,
-32.889027,32.820000,32.820000,-32.889027,-33.024506,1.000000,
-32.889027,32.820000,32.820000,-32.889027,-33.016365,1.000000,
-32.889027,32.820000,32.820000,-32.889027,-33.016365,1.000000,
-32.876049,32.820000,32.820000,-32.876049,-32.889027,1.000000,
-32.820324,33.149998,33.149998,-32.820324,-32.876049,1.000000,
-32.820324,33.149998,33.149998,-32.820324,-32.876049,1.000000,
-32.808361,33.149998,33.149998,-32.808361,-32.820324,1.000000,
-32.808361,33.149998,33.149998,-32.808361,-32.820324,1.000000,
-32.642845,33.149998,33.149998,-32.642845,-32.789768,1.000000,
-32.642845,33.149998,33.149998,-32.642845,-32.679993,1.000000,
-32.642845,33.149998,33.149998,-32.642845,-32.679993,1.000000,
-32.642845,33.149998,33.149998,-32.642845,-32.679993,1.000000,
-32.642845,33.149998,33.149998,-32.642845,-32.644478,1.000000,
-32.642845,33.149998,33.149998,-32.642845,-32.644478,1.000000,
-32.525497,33.149998,33.149998,-32.525497,-32.543591,1.000000,
-32.525497,33.149998,33.149998,-32.525497,-32.543591,1.000000,
-32.444874,33.149998,33.149998,-32.444874,-32.456455,1.000000,
-32.444874,33.149998,33.149998,-32.444874,-32.456455,1.000000,
-32.444874,33.149998,33.149998,-32.444874,-32.456455,1.000000,
-32.444874,33.149998,33.149998,-32.444874,-32.456455,1.000000,
-32.347778,33.149998,33.149998,-32.347778,-32.444874,1.000000,
-32.347778,33.149998,33.149998,-32.347778,-32.437344,1.000000,
-32.293530,33.149998,33.149998,-32.293530,-32.334400,1.000000,
-32.273849,33.149998,33.149998,-32.273849,-32.293530,1.000000,
-32.268612,33.149998,33.149998,-32.268612,-32.273849,1.000000,
-32.117455,33.149998,33.149998,-32.117455,-32.204098,1.000000,
-32.117455,33.149998,33.149998,-32.117455,-32.152435,1.000000,
-32.111938,33.149998,33.149998,-32.111938,-32.117455,1.000000,
-32.013287,33.149998,33.149998,-32.013287,-32.047058,1.000000,
-31.887943,33.149998,33.149998,-31.887943,-32.013287,1.000000,
-31.887943,33.149998,33.149998,-31.887943,-31.931705,1.000000,
-31.815987,33.149998,33.149998,-31.815987,-31.861006,1.000000,
-31.815987,33.149998,33.149998,-31.815987,-31.861006,1.000000,
-31.815987,33.149998,33.149998,-31.815987,-31.861006,1.000000,
-31.736303,33.149998,33.149998,-31.736303,-31.815987,1.000000,
-31.736303,33.149998,33.149998,-31.736303,-31.815987,1.000000,
-31.736303,33.149998,33.149998,-31.736303,-31.810972,1.000000,
-31.736303,33.149998,33.149998,-31.736303,-31.810972,1.000000,
-31.736303,33.149998,33.149998,-31.736303,-31.810972,1.000000,
-31.636576,33.149998,33.149998,-31.636576,-31.736303,1.000000,
-31.636576,33.149998,33.149998,-31.636576,-31.736303,1.000000,
-31.631731,33.149998,33.149998,-31.631731,-31.636576,1.000000,
-31.631731,33.149998,33.149998,-31.631731,-31.636576,1.000000,
-31.631731,33.149998,33.149998,-31.631731,-31.636576,1.000000,
-31.631731,33.149998,33.149998,-31.631731,-31.636576,1.000000,
-31.631731,33.149998,33.149998,-31.631731,-31.636576,1.000000,
-31.631731,33.149998,33.149998,-31.631731,-31.636576,1.000000,
-31.631731,33.149998,33.149998,-31.631731,-31.636576,1.000000,
-31.631731,33.149998,33.149998,-31.631731,-31.636576,1.000000,
-31.491022,33.149998,33.149998,-31.491022,-31.523994,1.000000,
-31.491022,33.149998,33.149998,-31.491022,-31.520700,1.000000,
-31.389332,33.149998,33.149998,-31.389332,-31.491022,1.000000,
-31.349995,33.149998,33.149998,-31.349995,-31.389332,1.000000,
-31.349995,33.149998,33.149998,-31.349995,-31.389332,1.000000,
-31.251675,35.639999,35.639999,-31.251675,-31.349995,1.000000,
-31.233068,35.639999,35.639999,-31.233068,-31.251675,1.000000,
-31.233068,35.639999,35.639999,-31.233068,-31.251675,1.000000,
-31.233068,35.639999,35.639999,-31.233068,-31.243050,1.000000,
-31.233068,35.639999,35.639999,-31.233068,-31.243050,1.000000,
-31.233068,35.639999,35.639999,-31.233068,-31.243050,1.000000,
-31.195322,35.639999,35.639999,-31.195322,-31.233068,1.000000,
-31.195322,35.639999,35.639999,-31.195322,-31.233068,1.000000,
-31.135397,35.639999,35.639999,-31.135397,-31.195322,1.000000,
-31.135397,35.639999,35.639999,-31.135397,-31.195322,1.000000,
-31.135397,35.639999,35.639999,-31.135397,-31.179756,1.000000,
-31.135397,35.639999,35.639999,-31.135397,-31.179756,1.000000,
-31.135397,35.639999,35.639999,-31.135397,-31.179756,1.000000,
-31.135397,35.639999,35.639999,-31.135397,-31.179756,1.000000,
-31.135397,35.639999,35.639999,-31.135397,-31.179756,1.000000,
-31.135397,35.639999,35.639999,-31.135397,-31.141447,1.000000,
-31.135397,35.639999,35.639999,-31.135397,-31.141447,1.000000,
-31.135397,35.639999,35.639999,-31.135397,-31.141447,1.000000,
-30.975391,35.639999,35.639999,-30.975391,-31.037525,1.000000,
-30.975391,35.639999,35.639999,-30.975391,-31.005795,1.000000,
-30.841766,35.639999,35.639999,-30.841766,-30.975391,1.000000,
-30.814165,35.639999,35.639999,-30.814165,-30.841766,1.000000,
-30.778122,35.639999,35.639999,-30.778122,-30.814165,1.000000,
-30.778122,35.639999,35.639999,-30.778122,-30.814165,1.000000,
-30.778122,35.639999,35.639999,-30.778122,-30.814165,1.000000,
-30.778122,35.639999,35.639999,-30.778122,-30.814165,1.000000,
-30.778122,35.639999,35.639999,-30.778122,-30.780869,1.000000,
-30.778122,35.639999,35.639999,-30.778122,-30.780869,1.000000,
-30.778122,35.639999,35.639999,-30.778122,-30.780869,1.000000,
-30.778122,35.639999,35.639999,-30.778122,-30.780869,1.000000,
-30.746784,35.639999,35.639999,-30.746784,-30.765024,1.000000,
-30.746784,35.639999,35.639999,-30.746784,-30.765024,1.000000,
-30.746784,35.639999,35.639999,-30.746784,-30.765024,1.000000,
-30.637453,35.639999,35.639999,-30.637453,-30.702250,1.000000,
-30.592934,35.639999,35.639999,-30.592934,-30.637453,1.000000,
-30.592934,35.639999,35.639999,-30.592934,-30.637453,1.000000,
-30.592934,35.639999,35.639999,-30.592934,-30.614479,1.000000,
-30.586500,35.639999,35.639999,-30.586500,-30.592934,1.000000,
-30.561604,35.639999,35.639999,-30.561604,-30.586500,1.000000,
-30.479290,35.639999,35.639999,-30.479290,-30.561604,1.000000,
-30.479290,35.639999,35.639999,-30.479290,-30.561604,1.000000,
-30.427134,35.639999,35.639999,-30.427134,-30.479290,1.000000,
-30.311359,35.639999,35.639999,-30.311359,-30.422844,1.000000,
-30.311359,35.639999,35.639999,-30.311359,-30.422844,1.000000,
-30.311359,35.639999,35.639999,-30.311359,-30.350548,1.000000,
-30.214466,35.639999,35.639999,-30.214466,-30.311359,1.000000,
-30.214466,35.639999,35.639999,-30.214466,-30.256931,1.000000,
-30.214466,35.639999,35.639999,-30.214466,-30.256931,1.000000,
-30.015266,35.639999,35.639999,-30.015266,-30.214466,1.000000,
-30.015266,35.639999,35.639999,-30.015266,-30.185028,1.000000,
-30.015266,35.639999,35.049999,-40.478905,-41.227966,1.000000,
-30.015266,35.639999,35.049999,-40.114395,-40.406639,1.000000,
-30.015266,35.639999,35.049999,-40.093410,-40.114395,1.000000,
-30.015266,35.639999,35.049999,-39.567039,-39.699570,1.000000,
-30.015266,35.639999,35.049999,-39.195942,-39.391830,1.000000,
-30.015266,35.639999,35.049999,-38.998856,-39.025871,1.000000,
-30.015266,35.639999,35.049999,-38.577953,-38.748779,1.000000,
-30.015266,35.639999,35.049999,-38.333134,-38.398823,1.000000,
-30.015266,35.639999,35.049999,-38.081528,-38.213379,1.000000,
-30.015266,35.639999,35.049999,-37.915852,-38.081528,1.000000,
-30.015266,35.639999,35.049999,-37.766949,-37.903458,1.000000,
-30.015266,35.639999,35.049999,-37.606930,-37.766949,1.000000,
-30.015266,35.639999,35.049999,-37.453835,-37.581581,1.000000,
-30.015266,35.639999,35.049999,-37.453835,-37.468716,1.000000,
-30.015266,35.639999,35.049999,-37.414845,-37.453472,1.000000,
-30.015266,35.639999,35.049999,-36.962646,-37.305630,1.000000,
-30.015266,35.639999,35.049999,-36.962646,-37.016220,1.000000,
-30.015266,35.639999,35.049999,-36.962646,-36.986012,1.000000,
-30.015266,35.639999,35.049999,-36.811626,-36.830074,1.000000,
-30.015266,35.639999,35.049999,-36.811626,-36.830074,1.000000,
-30.015266,35.639999,35.049999,-36.676727,-36.677448,1.000000,
-30.015266,35.639999,35.049999,-36.458954,-36.518745,1.000000,
-30.015266,35.639999,35.049999,-36.346123,-36.397320,1.000000,
-30.015266,35.639999,35.049999,-36.073868,-36.320816,1.000000,
-30.015266,35.639999,35.049999,-35.918495,-36.073868,1.000000,
-30.015266,35.639999,35.049999,-35.894073,-35.918495,1.000000,
-30.015266,35.639999,35.049999,-35.854454,-35.894073,1.000000,
-30.015266,35.639999,35.049999,-35.829525,-35.854454,1.000000,
-30.015266,35.639999,35.049999,-35.603283,-35.721275,1.000000,
-30.015266,35.639999,35.049999,-35.448814,-35.603283,1.000000,
-30.015266,35.639999,35.049999,-35.404087,-35.448814,1.000000,
-30.015266,35.639999,35.049999,-35.331383,-35.337807,1.000000,
-30.015266,35.639999,35.049999,-35.042645,-35.258316,1.000000,
-30.015266,35.639999,35.049999,-35.019192,-35.042645,1.000000,
-30.015266,35.639999,35.049999,-35.019192,-35.042233,1.000000,
-30.015266,35.639999,35.049999,-34.916618,-35.019192,1.000000,
-30.015266,35.639999,35.049999,-34.916618,-34.963131,1.000000,
-30.015266,35.639999,35.049999,-34.772278,-34.833340,1.000000,
-30.015266,35.639999,35.049999,-34.772278,-34.806091,1.000000,
-30.015266,35.639999,35.049999,-34.736176,-34.762344,1.000000,
-30.015266,35.639999,35.049999,-34.629398,-34.736176,1.000000,
-30.015266,35.639999,35.049999,-34.582748,-34.629398,1.000000,
-30.015266,35.639999,35.049999,-34.502254,-34.582748,1.000000,
-30.015266,35.639999,35.049999,-34.462635,-34.502254,1.000000,
-30.015266,35.639999,35.049999,-34.462635,-34.502254,1.000000,
-30.015266,35.639999,35.049999,-34.431904,-34.462635,1.000000,
-30.015266,35.639999,35.049999,-34.431904,-34.445740,1.000000,
-30.015266,35.639999,35.049999,-34.306507,-34.387562,1.000000,
-30.015266,35.639999,35.049999,-34.054585,-34.306507,1.000000,
-30.015266,35.639999,35.049999,-34.027805,-34.054585,1.000000,
-30.015266,37.760002,37.760002,-33.852520,-34.027805,1.000000,
-30.015266,37.760002,37.760002,-33.852520,-33.961346,1.000000,
-30.015266,37.760002,37.760002,-33.668236,-33.784393,1.000000,
-30.015266,37.760002,37.760002,-33.572979,-33.650944,1.000000,
-30.015266,37.760002,37.760002,-33.525002,-33.572979,1.000000,
-30.015266,37.760002,37.760002,-33.291229,-33.457573,1.000000,
-30.015266,37.760002,37.760002,-33.243084,-33.282326,1.000000,
-30.015266,37.760002,37.760002,-33.166687,-33.243084,1.000000,
-30.015266,37.760002,37.760002,-32.881969,-32.988194,1.000000,
-30.015266,37.760002,37.760002,-32.851685,-32.881969,1.000000,
-30.015266,37.760002,37.760002,-32.836956,-32.851685,1.000000,
-30.015266,37.760002,37.760002,-32.752708,-32.752739,1.000000,
-30.015266,37.760002,37.760002,-32.727882,-32.752708,1.000000,
-30.015266,37.760002,37.760002,-32.504723,-32.700207,1.000000,
-30.015266,37.760002,37.760002,-32.467918,-32.504723,1.000000,
-30.015266,37.760002,37.760002,-32.385250,-32.467918,1.000000,
-30.015266,37.760002,37.760002,-32.335644,-32.385250,1.000000,
-30.015266,37.760002,37.760002,-32.301964,-32.335644,1.000000,
-30.015266,37.760002,37.760002,-32.155434,-32.201633,1.000000,
-30.015266,37.760002,37.760002,-32.155434,-32.187954,1.000000,
-30.015266,37.760002,37.760002,-32.155434,-32.187954,1.000000,
-30.015266,37.760002,37.760002,-32.155434,-32.164555,1.000000,
-30.015266,37.760002,37.760002,-32.044739,-32.155434,1.000000,
-30.015266,37.760002,37.760002,-32.044739,-32.101608,1.000000,
-30.015266,37.760002,37.760002,-32.013474,-32.044178,1.000000,
-30.015266,37.760002,37.760002,-31.905123,-31.905272,1.000000,
-30.015266,37.760002,37.760002,-31.905123,-31.905272,1.000000,
-30.015266,37.760002,37.760002,-31.905123,-31.905272,1.000000,
-30.015266,37.760002,37.760002,-31.829710,-31.905123,1.000000,
-30.015266,37.760002,37.760002,-31.825731,-31.829710,1.000000,
-30.015266,37.760002,37.760002,-31.825731,-31.829710,1.000000,
-30.015266,37.760002,37.760002,-31.825731,-31.829710,1.000000,
-30.015266,37.760002,37.760002,-31.774843,-31.825731,1.000000,
-30.015266,37.760002,37.760002,-31.774843,-31.825731,1.000000,
-30.015266,37.760002,37.760002,-31.774843,-31.825731,1.000000,
-30.015266,37.760002,37.760002,-31.774843,-31.825731,1.000000,
-30.015266,37.760002,37.760002,-31.774843,-31.825731,1.000000,
-30.015266,37.760002,37.760002,-31.774843,-31.825731,1.000000,
-30.015266,37.760002,37.760002,-31.774843,-31.825731,1.000000,
-30.015266,37.760002,37.760002,-31.660671,-31.762394,1.000000,
-30.015266,37.760002,37.760002,-31.660671,-31.762394,1.000000,
-30.015266,37.760002,37.760002,-31.660671,-31.762394,1.000000,
-30.015266,37.760002,37.760002,-31.590515,-31.660671,1.000000,
-30.015266,37.760002,37.760002,-31.590515,-31.640884,1.000000,
-30.015266,37.760002,37.760002,-31.590515,-31.640884,1.000000,
-30.015266,37.760002,37.760002,-31.590515,-31.640884,1.000000,
-30.015266,37.760002,37.760002,-31.590515,-31.640884,1.000000,
-30.015266,37.760002,37.760002,-31.590515,-31.640884,1.000000,
-30.015266,37.760002,37.760002,-31.590515,-31.608244,1.000000,
-30.015266,37.760002,37.760002,-31.590515,-31.608244,1.000000,
-30.015266,38.290001,39.399998,-31.529360,-31.590515,1.000000,
-30.015266,38.290001,39.399998,-31.514091,-31.529360,1.000000,
-30.015266,38.290001,39.399998,-31.514091,-31.529360,1.000000,
-30.015266,38.290001,39.399998,-31.514091,-31.529360,1.000000,
-30.015266,38.290001,39.399998,-31.431963,-31.514091,1.000000,
-30.015266,38.290001,39.399998,-31.431963,-31.514091,1.000000,
-30.015266,38.290001,39.399998,-31.347818,-31.394388,1.000000,
-30.015266,38.290001,39.399998,-31.347818,-31.394388,1.000000,
-30.015266,38.290001,39.399998,-31.347818,-31.365194,1.000000,
-30.015266,38.290001,39.399998,-31.337818,-31.347818,1.000000,
-30.015266,38.290001,39.399998,-31.138140,-31.282347,1.000000,
-30.015266,38.290001,39.399998,-31.138140,-31.282347,1.000000,
-30.015266,38.290001,39.399998,-31.118666,-31.138140,1.000000,
-30.015266,38.290001,39.399998,-31.081287,-31.094107,1.000000,
-30.015266,38.290001,39.399998,-31.049515,-31.069824,1.000000,
-30.015266,38.290001,39.399998,-30.881433,-31.049515,1.000000,
-30.015266,38.290001,39.399998,-30.881433,-30.954384,1.000000,
-30.015266,38.290001,39.399998,-30.714716,-30.806513,1.000000,
-30.015266,38.290001,39.399998,-30.714716,-30.806513,1.000000,
-30.015266,38.290001,39.399998,-30.714716,-30.752121,1.000000,
-30.015266,38.290001,39.399998,-30.714716,-30.727303,1.000000,
-30.015266,38.290001,39.399998,-30.714716,-30.727303,1.000000,
-30.015266,38.290001,39.399998,-30.542910,-30.688515,1.000000,
-30.015266,38.290001,39.399998,-30.542910,-30.608768,1.000000,
-30.015266,38.290001,39.399998,-30.542910,-30.608768,1.000000,
-30.015266,38.290001,39.399998,-30.542910,-30.608768,1.000000,
-30.015266,38.290001,39.399998,-30.521606,-30.533493,1.000000,
-30.015266,38.290001,39.399998,-30.376913,-30.504185,1.000000,
-30.015266,38.290001,39.399998,-30.376913,-30.504185,1.000000,
-30.015266,38.290001,39.399998,-30.376913,-30.504185,1.000000,
-30.015266,38.290001,39.399998,-30.376913,-30.504185,1.000000,
-30.015266,38.290001,39.399998,-30.376913,-30.504185,1.000000,
-30.015266,38.290001,39.399998,-30.346134,-30.376913,1.000000,
-30.015266,38.290001,39.399998,-30.346134,-30.376913,1.000000,
-30.015266,38.290001,39.399998,-30.346134,-30.376913,1.000000,
-30.015266,38.290001,39.399998,-30.346134,-30.376913,1.000000,
-30.015266,38.290001,39.399998,-30.346134,-30.376156,1.000000,
-30.015266,38.290001,39.399998,-30.346134,-30.376156,1.000000,
-30.015266,38.290001,39.399998,-30.346134,-30.376156,1.000000,
-30.015266,38.290001,39.399998,-30.346134,-30.376156,1.000000,
-30.015266,38.290001,39.399998,-30.346134,-30.376156,1.000000,
-30.015266,38.290001,39.399998,-30.346134,-30.376156,1.000000,
-30.015266,38.290001,39.399998,-30.346134,-30.376156,1.000000,
-30.015266,38.290001,39.399998,-30.346134,-30.376156,1.000000,
-30.015266,38.290001,39.399998,-30.346134,-30.376156,1.000000,
-30.015266,38.290001,39.399998,-30.346134,-30.376156,1.000000,
-30.015266,38.290001,39.399998,-30.346134,-30.376156,1.000000,
-30.015266,38.290001,39.399998,-30.346134,-30.376156,1.000000,
-30.015266,38.290001,39.399998,-30.346134,-30.376156,1.000000,
-30.015266,38.290001,39.399998,-30.346134,-30.376156,1.000000,
-30.015266,38.290001,37.730000,-36.389095,-36.589802,1.000000,
-30.015266,38.290001,37.730000,-36.200638,-36.301872,1.000000,
-30.015266,38.290001,37.730000,-35.899216,-36.116352,1.000000,
-30.015266,38.290001,37.730000,-35.899216,-35.999004,1.000000,
-30.015266,38.290001,37.730000,-35.825470,-35.899216,1.000000,
-30.015266,38.290001,37.730000,-35.636940,-35.825470,1.000000,
-30.015266,38.290001,37.730000,-35.582611,-35.636940,1.000000,
-30.015266,38.290001,37.730000,-35.582611,-35.636940,1.000000,
-30.015266,38.290001,37.730000,-35.384686,-35.447239,1.000000,
-30.015266,38.290001,37.730000,-35.140858,-35.384686,1.000000,
-30.015266,38.290001,37.730000,-35.140858,-35.384686,1.000000,
-30.015266,38.290001,37.730000,-34.902802,-35.021084,1.000000,
-30.015266,38.290001,37.730000,-34.586464,-34.902802,1.000000,
-30.015266,38.290001,37.730000,-34.560955,-34.575401,1.000000,
-30.015266,38.290001,37.730000,-34.422882,-34.560955,1.000000,
-30.015266,38.290001,37.730000,-34.375404,-34.422882,1.000000,
-30.015266,38.290001,37.730000,-34.239258,-34.375404,1.000000,
-30.015266,38.290001,37.730000,-34.228386,-34.239258,1.000000,
-30.015266,38.290001,37.730000,-34.208923,-34.228386,1.000000,
-30.015266,38.290001,37.730000,-34.208923,-34.228386,1.000000,
-30.015266,38.290001,37.730000,-34.104202,-34.208923,1.000000,
-30.015266,38.290001,37.730000,-33.816036,-34.091831,1.000000,
-30.015266,38.290001,37.730000,-33.706177,-33.709034,1.000000,
-30.015266,38.290001,37.730000,-33.697777,-33.706177,1.000000,
-30.015266,38.290001,37.730000,-33.554119,-33.697777,1.000000,
-30.015266,38.290001,37.730000,-33.554119,-33.593395,1.000000,
-30.015266,38.290001,37.730000,-33.554119,-33.593395,1.000000,
-30.015266,38.290001,37.730000,-33.338047,-33.554119,1.000000,
-30.015266,38.290001,37.730000,-33.183464,-33.215397,1.000000,
-30.015266,38.290001,37.730000,-33.183464,-33.215397,1.000000,
-30.015266,38.290001,37.730000,-33.183464,-33.186871,1.000000,
-30.015266,38.290001,37.730000,-33.142719,-33.145100,1.000000,
-30.015266,38.290001,37.730000,-33.075932,-33.142719,1.000000,
-30.015266,38.290001,37.730000,-32.966682,-33.075932,1.000000,
-30.015266,38.290001,37.730000,-32.806629,-32.947720,1.000000,
-30.015266,38.290001,37.730000,-32.802017,-32.806629,1.000000,
-30.015266,38.290001,37.730000,-32.802017,-32.806629,1.000000,
-30.015266,38.290001,37.730000,-32.802017,-32.806629,1.000000,
-30.015266,38.290001,37.730000,-32.596615,-32.632069,1.000000,
-30.015266,38.290001,37.730000,-32.257973,-32.596615,1.000000,
-30.015266,38.290001,37.730000,-32.257973,-32.446327,1.000000,
-30.015266,38.290001,37.730000,-32.257973,-32.379776,1.000000,
-30.015266,38.290001,37.730000,-32.257973,-32.262054,1.000000,
-30.015266,38.290001,37.730000,-32.257973,-32.262054,1.000000,
-30.015266,38.290001,37.730000,-32.167927,-32.224247,1.000000,
-30.015266,38.290001,37.730000,-32.068840,-32.167927,1.000000,
-30.015266,38.290001,37.730000,-32.068840,-32.167927,1.000000,
-30.015266,38.290001,37.730000,-32.068840,-32.167927,1.000000,
-30.015266,38.290001,37.730000,-32.068840,-32.080444,1.000000,
-30.015266,38.290001,37.730000,-32.068840,-32.080444,1.000000,
-30.015266,39.299999,39.299999,-31.910141,-32.068840,1.000000,
-30.015266,39.299999,39.299999,-31.910141,-32.030212,1.000000,
-30.015266,39.299999,39.299999,-31.910141,-32.030212,1.000000,
-30.015266,39.299999,39.299999,-31.844809,-31.872644,1.000000,
-30.015266,39.299999,39.299999,-31.844809,-31.872644,1.000000,
-30.015266,39.299999,39.299999,-31.742315,-31.788843,1.000000,
-30.015266,39.299999,39.299999,-31.742315,-31.788843,1.000000,
-30.015266,39.299999,39.299999,-31.742315,-31.788843,1.000000,
-30.015266,39.299999,39.299999,-31.742315,-31.788843,1.000000,
-30.015266,39.299999,39.299999,-31.740955,-31.742315,1.000000,
-30.015266,39.299999,39.299999,-31.715019,-31.740955,1.000000,
-30.015266,39.299999,39.299999,-31.624094,-31.715019,1.000000,
-30.015266,39.299999,39.299999,-31.624094,-31.715019,1.000000,
-30.015266,39.299999,39.299999,-31.624094,-31.715019,1.000000,
-30.015266,39.299999,39.299999,-31.507856,-31.585066,1.000000,
-30.015266,39.299999,39.299999,-31.459328,-31.507856,1.000000,
-30.015266,39.299999,39.299999,-31.401819,-31.459328,1.000000,
-30.015266,39.299999,39.299999,-31.040384,-31.401819,1.000000,
-30.015266,39.299999,39.299999,-31.040384,-31.401819,1.000000,
-30.015266,39.299999,39.299999,-31.040384,-31.362370,1.000000,
-30.015266,39.299999,39.299999,-31.040384,-31.362370,1.000000,
-30.015266,39.299999,39.299999,-31.040384,-31.252172,1.000000,
-30.015266,39.299999,39.299999,-31.040384,-31.252172,1.000000,
-30.015266,39.299999,39.299999,-31.040384,-31.252172,1.000000,
-30.015266,39.299999,39.299999,-31.040384,-31.206820,1.000000,
-30.015266,39.299999,39.299999,-31.040384,-31.124353,1.000000,
-30.015266,39.299999,39.299999,-31.040384,-31.058350,1.000000,
-30.015266,39.299999,39.299999,-31.040384,-31.058350,1.000000,
-30.015266,39.299999,39.299999,-30.962381,-31.040384,1.000000,
-30.015266,39.299999,39.299999,-30.884697,-30.962381,1.000000,
-30.015266,39.299999,39.299999,-30.884697,-30.941816,1.000000,
-30.015266,39.299999,39.299999,-30.875166,-30.884697,1.000000,
-30.015266,39.299999,39.299999,-30.875166,-30.884697,1.000000,
-30.015266,39.299999,39.299999,-30.875166,-30.884697,1.000000,
-30.015266,39.299999,39.299999,-30.875166,-30.884697,1.000000,
-30.015266,39.299999,39.299999,-30.762703,-30.875166,1.000000,
-30.015266,39.299999,39.299999,-30.737869,-30.762703,1.000000,
-30.015266,39.299999,39.299999,-30.499125,-30.737869,1.000000,
-30.015266,39.299999,39.299999,-30.499125,-30.695116,1.000000,
-30.015266,39.299999,39.299999,-30.499125,-30.695116,1.000000,
-30.015266,39.299999,39.299999,-30.324499,-30.499125,1.000000,
-30.015266,39.299999,39.299999,-30.189732,-30.324499,1.000000,
-30.015266,39.299999,39.299999,-30.180677,-30.189732,1.000000,
-30.015266,39.299999,39.299999,-30.073765,-30.180677,1.000000,
-30.015266,39.299999,39.299999,-30.073765,-30.180677,1.000000,
-30.015266,39.299999,39.299999,-30.073765,-30.119816,1.000000,
-30.015266,39.299999,39.299999,-30.073765,-30.081450,1.000000,
-30.015266,39.299999,39.299999,-30.073765,-30.081450,1.000000,
-30.015266,39.299999,39.299999,-30.073765,-30.081450,1.000000,
-30.015266,39.299999,39.299999,-30.073765,-30.081450,1.000000,
-30.015266,39.700001,39.700001,-30.073765,-30.078415,1.000000,
-30.015266,39.700001,39.700001,-30.073765,-30.078415,1.000000,
-29.928947,39.700001,39.700001,-29.928947,-30.066250,1.000000,
-29.928947,39.700001,39.700001,-29.928947,-30.066250,1.000000,
-29.869865,39.700001,39.700001,-29.869865,-29.899097,1.000000,
-29.814493,39.700001,39.700001,-29.814493,-29.869865,1.000000,
-29.814493,39.700001,39.700001,-29.814493,-29.869865,1.000000,
-29.812408,39.700001,39.700001,-29.812408,-29.814493,1.000000,
-29.812408,39.700001,39.700001,-29.812408,-29.814493,1.000000,
-29.812408,39.700001,39.700001,-29.812408,-29.814493,1.000000,
-29.791891,39.700001,39.700001,-29.791891,-29.809793,1.000000,
-29.599594,39.700001,39.700001,-29.599594,-29.616571,1.000000,
-29.472940,39.700001,39.700001,-29.472940,-29.537991,1.000000,
-29.374191,39.700001,39.700001,-29.374191,-29.407822,1.000000,
-29.374191,39.700001,39.700001,-29.374191,-29.407822,1.000000,
-29.265717,39.700001,39.700001,-29.265717,-29.280018,1.000000,
-29.265717,39.700001,39.700001,-29.265717,-29.280018,1.000000,
-29.265717,39.700001,39.700001,-29.265717,-29.280018,1.000000,
-29.265717,39.700001,39.700001,-29.265717,-29.280018,1.000000,
-29.086012,39.700001,39.700001,-29.086012,-29.205479,1.000000,
-28.978706,39.700001,39.700001,-28.978706,-29.063816,1.000000,
-28.892969,39.700001,39.700001,-28.892969,-28.978706,1.000000,
-28.892969,39.700001,39.700001,-28.892969,-28.916496,1.000000,
-28.892969,39.700001,39.700001,-28.892969,-28.916496,1.000000,
-28.892969,39.700001,39.700001,-28.892969,-28.916496,1.000000,
-28.892969,39.700001,39.700001,-28.892969,-28.916496,1.000000,
-28.854902,39.700001,39.700001,-28.854902,-28.892969,1.000000,
-28.797174,39.700001,39.700001,-28.797174,-28.818369,1.000000,
-28.786322,39.700001,39.700001,-28.786322,-28.797174,1.000000,
-28.638647,39.700001,39.700001,-28.638647,-28.646425,1.000000,
-28.627110,39.700001,39.700001,-28.627110,-28.638647,1.000000,
-28.627110,39.700001,39.700001,-28.627110,-28.638647,1.000000,
-28.621819,39.700001,39.700001,-28.621819,-28.627110,1.000000,
-28.621819,39.700001,39.700001,-28.621819,-28.627110,1.000000,
-28.621819,39.700001,39.700001,-28.621819,-28.627110,1.000000,
-28.621819,39.700001,39.700001,-28.621819,-28.627110,1.000000,
-28.577768,39.700001,39.700001,-28.577768,-28.621819,1.000000,
-28.492456,39.700001,39.700001,-28.492456,-28.503641,1.000000,
-28.467354,39.700001,39.700001,-28.467354,-28.492456,1.000000,
-28.387506,39.700001,39.700001,-28.387506,-28.467354,1.000000,
-28.387506,39.700001,39.700001,-28.387506,-28.403078,1.000000,
-28.387506,39.700001,39.700001,-28.387506,-28.403078,1.000000,
-28.285109,39.700001,39.700001,-28.285109,-28.387506,1.000000,
-28.084782,39.700001,39.700001,-28.084782,-28.285109,1.000000,
-28.072329,39.700001,39.700001,-28.072329,-28.084782,1.000000,
-28.072329,39.700001,39.700001,-28.072329,-28.084782,1.000000,
-27.986622,39.700001,39.700001,-27.986622,-28.072329,1.000000,
-27.986622,39.700001,39.700001,-27.986622,-28.004690,1.000000,
-27.986622,39.700001,39.700001,-27.986622,-28.004690,1.000000,
-27.804579,39.700001,39.700001,-27.804579,-27.896049,1.000000,
-27.804579,41.020000,41.020000,-27.804579,-27.844894,1.000000,
-27.804579,41.020000,41.020000,-27.804579,-27.844894,1.000000,
-27.804579,41.020000,41.020000,-27.804579,-27.838272,1.000000,
-27.804579,41.020000,41.020000,-27.804579,-27.838272,1.000000,
-27.794168,41.020000,41.020000,-27.794168,-27.804579,1.000000,
-27.599806,41.020000,41.020000,-27.599806,-27.689384,1.000000,
-27.396210,41.020000,41.020000,-27.396210,-27.599806,1.000000,
-27.396210,41.020000,41.020000,-27.396210,-27.464510,1.000000,
-27.382748,41.020000,41.020000,-27.382748,-27.396210,1.000000,
-27.382748,41.020000,41.020000,-27.382748,-27.388382,1.000000,
-27.247040,41.020000,41.020000,-27.247040,-27.364063,1.000000,
-27.247040,41.020000,41.020000,-27.247040,-27.300135,1.000000,
-27.247040,41.020000,41.020000,-27.247040,-27.270512,1.000000,
-27.247040,41.020000,41.020000,-27.247040,-27.270512,1.000000,
-27.246593,41.020000,41.020000,-27.246593,-27.247040,1.000000,
-27.246593,41.020000,41.020000,-27.246593,-27.247040,1.000000,
-27.205851,41.020000,41.020000,-27.205851,-27.246593,1.000000,
-27.205851,41.020000,41.020000,-27.205851,-27.246593,1.000000,
-26.915800,41.020000,41.020000,-26.915800,-27.205851,1.000000,
-26.915800,41.020000,41.020000,-26.915800,-27.202984,1.000000,
-26.915800,41.020000,41.020000,-26.915800,-27.202984,1.000000,
-26.915800,41.020000,41.020000,-26.915800,-27.124632,1.000000,
-26.915800,41.020000,41.020000,-26.915800,-26.949337,1.000000,
-26.915800,41.020000,41.020000,-26.915800,-26.949337,1.000000,
-26.915800,41.020000,41.020000,-26.915800,-26.949337,1.000000,
-26.915800,41.020000,41.020000,-26.915800,-26.949337,1.000000,
-26.915800,41.020000,41.020000,-26.915800,-26.949337,1.000000,
-26.915800,41.020000,41.020000,-26.915800,-26.949337,1.000000,
-26.915800,41.020000,41.020000,-26.915800,-26.949337,1.000000,
-26.915800,41.020000,41.020000,-26.915800,-26.949337,1.000000,
-26.915800,41.020000,41.020000,-26.915800,-26.949337,1.000000,
-26.915800,41.020000,41.020000,-26.915800,-26.949337,1.000000,
-26.915800,41.020000,41.020000,-26.915800,-26.949337,1.000000,
-26.915800,41.020000,41.020000,-26.915800,-26.923496,1.000000,
-26.915800,41.020000,41.020000,-26.915800,-26.923496,1.000000,
-26.915800,41.020000,41.020000,-26.915800,-26.923496,1.000000,
-26.915800,41.020000,41.020000,-26.915800,-26.923496,1.000000,
-26.915800,41.020000,41.020000,-26.915800,-26.923496,1.000000,
-26.915800,41.020000,41.020000,-26.915800,-26.923496,1.000000,
-26.915800,41.020000,41.020000,-26.915800,-26.923496,1.000000,
-26.816940,41.020000,41.020000,-26.816940,-26.915800,1.000000,
-26.816940,41.020000,41.020000,-26.816940,-26.915800,1.000000,
-26.816940,41.020000,41.020000,-26.816940,-26.915800,1.000000,
-26.816940,41.020000,41.020000,-26.816940,-26.915800,1.000000,
-26.816940,41.020000,41.020000,-26.816940,-26.915800,1.000000,
-26.816940,41.020000,41.020000,-26.816940,-26.907919,1.000000,
-26.816940,41.020000,41.020000,-26.816940,-26.907919,1.000000,
-26.816940,41.020000,41.020000,-26.816940,-26.907919,1.000000,
-26.796150,41.020000,41.020000,-26.796150,-26.816940,1.000000,
-26.796150,41.020000,41.020000,-26.796150,-26.816940,1.000000,
-26.796150,41.020000,40.680000,-44.343548,-44.616692,1.000000,
-26.796150,41.020000,40.680000,-43.830456,-43.987461,1.000000,
-26.796150,41.020000,40.680000,-43.830456,-43.886391,1.000000,
-26.796150,41.020000,40.680000,-43.552258,-43.824089,1.000000,
-26.796150,41.020000,40.680000,-43.317524,-43.356628,1.000000,
-26.796150,41.020000,40.680000,-42.837494,-42.872791,1.000000,
-26.796150,41.020000,40.680000,-42.748852,-42.837494,1.000000,
-26.796150,41.020000,40.680000,-42.714645,-42.748852,1.000000,
-26.796150,41.020000,40.680000,-42.510872,-42.547695,1.000000,
-26.796150,41.020000,40.680000,-42.206089,-42.392311,1.000000,
-26.796150,41.020000,40.680000,-41.417145,-42.013405,1.000000,
-26.796150,41.020000,40.680000,-41.324097,-41.417145,1.000000,
-26.796150,41.020000,40.680000,-40.989059,-41.163628,1.000000,
-26.796150,41.020000,40.680000,-40.989059,-41.102081,1.000000,
-26.796150,41.020000,40.680000,-40.732006,-40.984928,1.000000,
-26.796150,41.020000,40.680000,-40.732006,-40.942554,1.000000,
-26.796150,41.020000,40.680000,-40.732006,-40.743080,1.000000,
-26.796150,41.020000,40.680000,-40.648418,-40.698708,1.000000,
-26.796150,41.020000,40.680000,-40.481750,-40.648418,1.000000,
-26.796150,41.020000,40.680000,-40.431419,-40.481750,1.000000,
-26.796150,41.020000,40.680000,-40.313046,-40.431419,1.000000,
-26.796150,41.020000,40.680000,-40.162701,-40.313046,1.000000,
-26.796150,41.020000,40.680000,-40.009491,-40.103802,1.000000,
-26.796150,41.020000,40.680000,-39.854481,-39.896183,1.000000,
-26.796150,41.020000,40.680000,-39.778149,-39.830105,1.000000,
-26.796150,41.020000,40.680000,-39.400028,-39.536942,1.000000,
-26.796150,41.020000,40.680000,-39.400028,-39.460037,1.000000,
-26.796150,41.020000,40.680000,-39.258915,-39.400028,1.000000,
-26.796150,41.020000,40.680000,-39.095646,-39.163162,1.000000,
-26.796150,41.020000,40.680000,-38.856564,-38.900501,1.000000,
-26.796150,41.020000,40.680000,-38.810833,-38.855320,1.000000,
-26.796150,41.020000,40.680000,-38.662628,-38.755520,1.000000,
-26.796150,41.020000,40.680000,-38.548145,-38.662628,1.000000,
-26.796150,41.020000,40.680000,-38.548145,-38.604183,1.000000,
-26.796150,41.020000,40.680000,-38.548145,-38.604183,1.000000,
-26.796150,41.020000,40.680000,-38.391800,-38.522995,1.000000,
-26.796150,41.020000,40.680000,-38.391800,-38.522995,1.000000,
-26.796150,41.020000,40.680000,-38.361195,-38.367950,1.000000,
-26.796150,41.020000,40.680000,-38.121788,-38.263680,1.000000,
-26.796150,41.020000,40.680000,-38.088032,-38.121788,1.000000,
-26.796150,41.020000,40.680000,-37.437508,-37.986389,1.000000,
-26.796150,41.020000,40.680000,-37.437508,-37.446129,1.000000,
-26.796150,41.020000,40.680000,-37.069473,-37.341850,1.000000,
-26.796150,41.020000,40.680000,-36.845886,-37.069473,1.000000,
-26.796150,41.020000,40.680000,-36.845886,-36.984272,1.000000,
-26.796150,41.020000,40.680000,-36.724480,-36.737392,1.000000,
-26.796150,41.020000,40.680000,-36.702961,-36.724377,1.000000,
-26.796150,41.020000,40.680000,-36.624615,-36.702961,1.000000,
-26.796150,41.020000,40.680000,-36.624615,-36.664635,1.000000,
-26.796150,41.020000,40.680000,-36.551598,-36.624615,1.000000,
-26.796150,41.020000,39.320000,-36.401630,-36.785435,1.000000,
-26.796150,41.020000,39.320000,-35.879986,-35.953903,1.000000,
-26.796150,41.020000,39.320000,-35.879986,-35.953903,1.000000,
-26.796150,41.020000,39.320000,-35.638222,-35.812111,1.000000,
-26.796150,41.020000,39.320000,-35.447853,-35.490379,1.000000,
-26.796150,41.020000,39.320000,-35.286011,-35.447853,1.000000,
-26.796150,41.020000,39.320000,-35.286011,-35.379189,1.000000,
-26.796150,41.020000,39.320000,-35.076519,-35.286011,1.000000,
-26.796150,41.020000,39.320000,-34.878712,-34.969112,1.000000,
-26.796150,41.020000,39.320000,-34.878712,-34.915489,1.000000,
-26.796150,41.020000,39.320000,-34.799294,-34.820953,1.000000,
-26.796150,41.020000,39.320000,-34.799294,-34.814884,1.000000,
-26.796150,41.020000,39.320000,-34.484459,-34.695686,1.000000,
-26.796150,41.020000,39.320000,-34.484459,-34.488842,1.000000,
-26.796150,41.020000,39.320000,-34.346508,-34.484459,1.000000,
-26.796150,41.020000,39.320000,-34.189907,-34.346508,1.000000,
-26.796150,41.020000,39.320000,-34.115208,-34.162243,1.000000,
-26.796150,41.020000,39.320000,-34.115208,-34.142551,1.000000,
-26.796150,41.020000,39.320000,-33.970684,-34.081295,1.000000,
-26.796150,41.020000,39.320000,-33.663898,-33.843590,1.000000,
-26.796150,41.020000,39.320000,-33.663898,-33.790497,1.000000,
-26.796150,41.020000,39.320000,-32.977558,-33.591152,1.000000,
-26.796150,41.020000,39.320000,-32.977558,-33.048676,1.000000,
-26.796150,41.020000,39.320000,-32.977558,-33.048676,1.000000,
-26.796150,41.020000,39.320000,-32.876789,-32.977558,1.000000,
-26.796150,41.020000,39.320000,-32.856308,-32.876789,1.000000,
-26.796150,41.020000,39.320000,-32.736477,-32.856308,1.000000,
-26.796150,41.020000,39.320000,-32.682610,-32.736477,1.000000,
-26.796150,41.020000,39.320000,-32.682610,-32.736477,1.000000,
-26.796150,41.020000,39.320000,-32.682610,-32.736477,1.000000,
-26.796150,41.020000,39.320000,-32.682610,-32.702984,1.000000,
-26.796150,41.020000,39.320000,-32.527748,-32.682610,1.000000,
-26.796150,41.020000,39.320000,-32.310303,-32.527748,1.000000,
-26.796150,41.020000,39.320000,-32.310303,-32.393692,1.000000,
-26.796150,41.020000,39.320000,-32.129204,-32.291183,1.000000,
-26.796150,41.020000,39.320000,-32.129204,-32.242447,1.000000,
-26.796150,41.020000,39.320000,-32.057751,-32.124924,1.000000,
-26.796150,41.020000,39.320000,-31.921024,-32.057751,1.000000,
-26.796150,41.020000,39.320000,-31.796110,-31.921024,1.000000,
-26.796150,41.020000,39.320000,-31.690174,-31.796110,1.000000,
-26.796150,41.020000,39.320000,-31.690174,-31.796110,1.000000,
-26.796150,41.020000,39.320000,-31.636381,-31.653412,1.000000,
-26.796150,41.020000,39.320000,-31.528547,-31.558912,1.000000,
-26.796150,41.020000,39.320000,-31.528547,-31.558912,1.000000,
-26.796150,41.020000,39.320000,-31.528547,-31.558912,1.000000,
-26.796150,41.020000,39.320000,-31.528547,-31.558912,1.000000,
-26.796150,41.020000,39.320000,-31.421028,-31.485912,1.000000,
-26.796150,41.020000,39.320000,-31.421028,-31.459797,1.000000,
-26.796150,41.020000,39.320000,-31.185219,-31.339888,1.000000,
-26.796150,41.020000,39.320000,-31.185219,-31.256607,1.000000,
-26.796150,41.020000,39.119999,-38.202389,-38.941559,1.000000,
-26.796150,41.020000,39.119999,-38.202389,-38.274242,1.000000,
-26.796150,41.020000,39.119999,-37.655350,-38.026482,1.000000,
-26.796150,41.020000,39.119999,-37.225723,-37.506741,1.000000,
-26.796150,41.020000,39.119999,-37.128578,-37.160892,1.000000,
-26.796150,41.020000,39.119999,-36.736885,-37.092152,1.000000,
-26.796150,41.020000,39.119999,-36.723911,-36.736885,1.000000,
-26.796150,41.020000,39.119999,-36.252411,-36.490395,1.000000,
-26.796150,41.020000,39.119999,-35.956635,-36.242882,1.000000,
-26.796150,41.020000,39.119999,-35.956635,-36.023254,1.000000,
-26.796150,41.020000,39.119999,-35.956635,-35.995285,1.000000,
-26.796150,41.020000,39.119999,-35.888012,-35.956635,1.000000,
-26.796150,41.020000,39.119999,-35.527653,-35.548553,1.000000,
-26.796150,41.020000,39.119999,-35.435818,-35.527653,1.000000,
-26.796150,41.020000,39.119999,-35.379162,-35.435818,1.000000,
-26.796150,41.020000,39.119999,-35.107800,-35.283485,1.000000,
-26.796150,41.020000,39.119999,-35.097908,-35.107800,1.000000,
-26.796150,41.020000,39.119999,-34.882820,-35.097908,1.000000,
-26.796150,41.020000,39.119999,-34.771515,-34.881001,1.000000,
-26.796150,41.020000,39.119999,-34.771515,-34.881001,1.000000,
-26.796150,41.020000,39.119999,-34.771515,-34.775002,1.000000,
-26.796150,41.020000,39.119999,-34.410233,-34.442280,1.000000,
-26.796150,41.020000,39.119999,-34.410233,-34.442280,1.000000,
-26.796150,41.020000,39.119999,-34.410233,-34.442280,1.000000,
-26.796150,41.020000,39.119999,-34.373165,-34.410233,1.000000,
-26.796150,41.020000,39.119999,-34.373165,-34.410233,1.000000,
-26.796150,41.020000,39.119999,-34.236927,-34.330173,1.000000,
-26.796150,41.020000,39.119999,-34.236927,-34.268665,1.000000,
-26.796150,41.020000,39.119999,-34.236927,-34.268665,1.000000,
-26.796150,41.020000,39.119999,-34.236927,-34.268665,1.000000,
-26.796150,41.020000,39.119999,-34.236927,-34.268665,1.000000,
-26.796150,41.020000,39.119999,-34.157726,-34.236927,1.000000,
-26.796150,41.020000,39.119999,-34.157726,-34.236927,1.000000,
-26.796150,41.020000,39.119999,-34.138680,-34.157726,1.000000,
-26.796150,41.020000,39.119999,-33.883545,-34.044456,1.000000,
-26.796150,41.020000,39.119999,-33.874172,-33.883545,1.000000,
-26.796150,41.020000,39.119999,-33.874172,-33.883545,1.000000,
-26.796150,41.020000,39.119999,-33.825722,-33.874172,1.000000,
-26.796150,41.020000,39.119999,-33.825722,-33.870293,1.000000,
-26.796150,41.020000,39.119999,-33.741783,-33.825722,1.000000,
-26.796150,41.020000,39.119999,-33.741783,-33.825722,1.000000,
-26.796150,41.020000,39.119999,-33.635231,-33.741783,1.000000,
-26.796150,41.020000,39.119999,-33.635231,-33.728550,1.000000,
-26.796150,41.020000,39.119999,-33.495945,-33.635231,1.000000,
-26.796150,41.020000,39.119999,-33.495945,-33.635231,1.000000,
-26.796150,41.020000,39.119999,-33.106636,-33.495945,1.000000,
-26.796150,41.020000,39.119999,-33.106636,-33.330441,1.000000,
-26.796150,41.020000,39.119999,-33.106636,-33.133331,1.000000,
-26.796150,41.020000,39.119999,-33.106636,-33.133331,1.000000,
-26.796150,41.020000,39.119999,-33.099815,-33.106636,1.000000,
-26.796150,41.200001,41.200001,-32.941265,-33.099815,1.000000,
-26.796150,41.200001,41.200001,-32.941265,-32.976349,1.000000,
-26.796150,41.200001,41.200001,-32.862595,-32.941265,1.000000,
-26.796150,41.200001,41.200001,-32.862595,-32.941265,1.000000,
-26.796150,41.200001,41.200001,-32.862595,-32.903770,1.000000,
-26.796150,41.200001,41.200001,-32.862595,-32.903770,1.000000,
-26.796150,41.200001,41.200001,-32.862595,-32.874428,1.000000,
-26.796150,41.200001,41.200001,-32.862595,-32.874428,1.000000,
-26.796150,41.200001,41.200001,-32.862595,-32.874428,1.000000,
-26.796150,41.200001,41.200001,-32.724014,-32.862595,1.000000,
-26.796150,41.200001,41.200001,-32.724014,-32.778511,1.000000,
-26.796150,41.200001,41.200001,-32.592056,-32.724014,1.000000,
-26.796150,41.200001,41.200001,-32.592056,-32.724014,1.000000,
-26.796150,41.200001,41.200001,-32.592056,-32.724014,1.000000,
-26.796150,41.200001,41.200001,-32.514870,-32.592056,1.000000,
-26.796150,41.200001,41.200001,-32.514870,-32.592056,1.000000,
-26.796150,41.200001,41.200001,-32.514870,-32.592056,1.000000,
-26.796150,41.200001,41.200001,-32.514870,-32.592056,1.000000,
-26.796150,41.200001,41.200001,-32.514870,-32.592056,1.000000,
-26.796150,41.200001,41.200001,-32.514870,-32.516895,1.000000,
-26.796150,41.200001,41.200001,-32.472855,-32.514870,1.000000,
-26.796150,41.200001,41.200001,-32.472855,-32.481365,1.000000,
-26.796150,41.200001,41.200001,-32.437191,-32.472855,1.000000,
-26.796150,41.200001,41.200001,-32.387161,-32.416161,1.000000,
-26.796150,41.200001,41.200001,-32.387161,-32.411427,1.000000,
-26.796150,41.200001,41.200001,-32.387161,-32.411427,1.000000,
-26.796150,41.200001,41.200001,-32.376842,-32.387161,1.000000,
-26.796150,41.200001,41.200001,-32.376842,-32.387161,1.000000,
-26.796150,41.200001,41.200001,-32.376842,-32.387161,1.000000,
-26.796150,41.200001,41.200001,-32.376842,-32.387161,1.000000,
-26.796150,41.200001,41.200001,-32.376842,-32.387161,1.000000,
-26.796150,41.200001,41.200001,-32.376842,-32.387161,1.000000,
-26.796150,41.200001,41.200001,-32.376842,-32.387161,1.000000,
-26.796150,41.200001,41.200001,-32.376842,-32.387161,1.000000,
-26.796150,41.200001,41.200001,-32.376842,-32.387161,1.000000,
-26.796150,41.200001,41.200001,-32.238354,-32.376842,1.000000,
-26.796150,41.200001,41.200001,-32.238354,-32.376842,1.000000,
-26.796150,41.200001,41.200001,-32.238354,-32.376842,1.000000,
-26.796150,41.200001,41.200001,-32.087334,-32.238354,1.000000,
-26.796150,41.200001,41.200001,-31.988781,-32.087334,1.000000,
-26.796150,41.200001,41.200001,-31.988781,-32.087334,1.000000,
-26.796150,41.200001,41.200001,-31.988781,-32.006752,1.000000,
-26.796150,41.200001,41.200001,-31.988781,-32.006752,1.000000,
-26.796150,41.200001,41.200001,-31.988781,-32.006752,1.000000,
-26.796150,41.200001,41.200001,-31.988781,-32.006752,1.000000,
-26.796150,41.200001,41.200001,-31.988781,-32.006752,1.000000,
-26.796150,41.200001,41.200001,-31.988781,-32.006752,1.000000,
-26.796150,41.200001,41.200001,-31.988781,-32.006752,1.000000,
-26.796150,41.200001,41.200001,-31.988781,-32.006752,1.000000,
-26.796150,41.200001,41.200001,-31.988781,-32.006752,1.000000,
-26.796150,41.250000,41.250000,-31.988781,-32.006752,1.000000,
-26.796150,41.250000,41.250000,-31.988781,-32.006752,1.000000,
-26.796150,41.250000,41.250000,-31.988781,-32.006752,1.000000,
-26.796150,41.250000,41.250000,-31.877403,-31.988781,1.000000,
-26.796150,41.250000,41.250000,-31.877403,-31.988781,1.000000,
-26.796150,41.250000,41.250000,-31.877403,-31.934177,1.000000,
-26.796150,41.250000,41.250000,-31.877403,-31.934177,1.000000,
-26.796150,41.250000,41.250000,-31.877403,-31.934177,1.000000,
-26.796150,41.250000,41.250000,-31.877403,-31.934177,1.000000,
-26.796150,41.250000,41.250000,-31.877403,-31.934177,1.000000,
-26.796150,41.250000,41.250000,-31.877403,-31.934177,1.000000,
-26.796150,41.250000,41.250000,-31.877403,-31.934177,1.000000,
-26.796150,41.250000,41.250000,-31.877403,-31.934177,1.000000,
-26.796150,41.250000,41.250000,-31.877403,-31.934177,1.000000,
-26.796150,41.250000,41.250000,-31.877403,-31.934177,1.000000,
-26.796150,41.250000,41.250000,-31.877403,-31.934177,1.000000,
-26.796150,41.250000,41.250000,-31.877403,-31.934177,1.000000,
-26.796150,41.250000,41.250000,-31.877403,-31.934177,1.000000,
-26.796150,41.250000,41.250000,-31.877403,-31.934177,1.000000,
-26.796150,41.250000,41.250000,-31.877403,-31.934177,1.000000,
-26.796150,41.250000,41.250000,-31.877403,-31.934177,1.000000,
-26.796150,41.250000,41.250000,-31.877403,-31.934177,1.000000,
-26.796150,41.250000,41.250000,-31.877403,-31.934177,1.000000,
-26.796150,41.250000,41.250000,-31.877403,-31.934177,1.000000,
-26.796150,41.250000,41.250000,-31.877403,-31.934177,1.000000,
-26.796150,41.250000,41.250000,-31.877403,-31.934177,1.000000,
-26.796150,41.250000,41.250000,-31.877403,-31.934177,1.000000,
-26.796150,41.250000,41.250000,-31.877403,-31.934177,1.000000,
-26.796150,41.250000,41.250000,-31.877403,-31.934177,1.000000,
-26.796150,41.250000,41.250000,-31.877403,-31.934177,1.000000,
-26.796150,41.250000,41.250000,-31.877403,-31.934177,1.000000,
-26.796150,41.250000,41.250000,-31.877403,-31.934177,1.000000,
-26.796150,41.250000,41.250000,-31.877403,-31.934177,1.000000,
-26.796150,41.250000,41.250000,-31.877403,-31.934177,1.000000,
-26.796150,41.250000,41.250000,-31.843124,-31.877403,1.000000,
-26.796150,41.250000,41.250000,-31.843124,-31.877403,1.000000,
-26.796150,41.250000,41.250000,-31.843124,-31.877403,1.000000,
-26.796150,41.250000,41.250000,-31.801495,-31.843124,1.000000,
-26.796150,41.250000,41.250000,-31.801495,-31.826881,1.000000,
-26.796150,41.250000,41.250000,-31.801495,-31.826881,1.000000,
-26.796150,41.250000,41.250000,-31.801495,-31.826881,1.000000,
-26.796150,41.250000,41.250000,-31.787315,-31.788591,1.000000,
-26.796150,41.250000,41.250000,-31.787315,-31.788591,1.000000,
-26.796150,41.250000,41.250000,-31.787315,-31.788591,1.000000,
-26.796150,41.250000,41.250000,-31.787315,-31.788591,1.000000,
-26.796150,41.250000,41.250000,-31.787315,-31.788591,1.000000,
-26.796150,41.250000,41.250000,-31.787315,-31.788591,1.000000,
-26.796150,41.250000,41.250000,-31.787315,-31.788591,1.000000,
-26.796150,41.250000,41.250000,-31.787315,-31.788591,1.000000,
-26.796150,41.250000,41.250000,-31.787315,-31.788591,1.000000,
-26.796150,41.250000,40.110001,-38.538883,-39.087337,1.000000,
-26.796150,41.250000,40.110001,-38.538883,-38.722977,1.000000,
-26.796150,41.250000,40.110001,-38.422474,-38.538883,1.000000,
-26.796150,41.250000,40.110001,-38.422474,-38.436905,1.000000,
-26.796150,41.250000,40.110001,-37.801376,-38.329277,1.000000,
-26.796150,41.250000,40.110001,-37.528763,-37.653442,1.000000,
-26.796150,41.250000,40.110001,-37.360668,-37.513264,1.000000,
-26.796150,41.250000,40.110001,-37.360668,-37.513264,1.000000,
-26.796150,41.250000,40.110001,-37.248005,-37.360668,1.000000,
-26.796150,41.250000,40.110001,-37.233734,-37.248005,1.000000,
-26.796150,41.250000,40.110001,-37.231171,-37.233734,1.000000,
-26.796150,41.250000,40.110001,-37.231171,-37.233734,1.000000,
-26.796150,41.250000,40.110001,-37.136032,-37.220116,1.000000,
-26.796150,41.250000,40.110001,-36.848354,-36.958942,1.000000,
-26.796150,41.250000,40.110001,-36.673603,-36.814930,1.000000,
-26.796150,41.250000,40.110001,-36.670330,-36.673603,1.000000,
-26.796150,41.250000,40.110001,-36.659798,-36.670330,1.000000,
-26.796150,41.250000,40.110001,-36.329693,-36.432415,1.000000,
-26.796150,41.250000,40.110001,-36.187386,-36.257763,1.000000,
-26.796150,41.250000,40.110001,-35.747643,-36.023846,1.000000,
-26.796150,41.250000,40.110001,-35.747643,-35.791752,1.000000,
-26.796150,41.250000,40.110001,-35.605991,-35.747643,1.000000,
-26.796150,41.250000,40.110001,-35.605991,-35.703957,1.000000,
-26.796150,41.250000,40.110001,-35.596558,-35.605991,1.000000,
-26.796150,41.250000,40.110001,-35.576981,-35.596558,1.000000,
-26.796150,41.250000,40.110001,-35.187115,-35.454311,1.000000,
-26.796150,41.250000,40.110001,-35.042747,-35.131767,1.000000,
-26.796150,41.250000,40.110001,-35.042747,-35.056530,1.000000,
-26.796150,41.250000,40.110001,-34.788223,-34.957855,1.000000,
-26.796150,41.250000,40.110001,-34.697990,-34.788223,1.000000,
-26.796150,41.250000,40.110001,-34.687660,-34.697990,1.000000,
-26.796150,41.250000,40.110001,-34.287930,-34.488266,1.000000,
-26.796150,41.250000,40.110001,-34.287930,-34.378761,1.000000,
-26.796150,41.250000,40.110001,-34.287930,-34.351814,1.000000,
-26.796150,41.250000,40.110001,-34.238464,-34.287930,1.000000,
-26.796150,41.250000,40.110001,-34.003696,-34.237457,1.000000,
-26.796150,41.250000,40.110001,-34.003696,-34.139999,1.000000,
-26.796150,41.250000,40.110001,-34.003696,-34.139999,1.000000,
-26.796150,41.250000,40.110001,-34.003696,-34.037239,1.000000,
-26.796150,41.250000,40.110001,-34.003696,-34.037239,1.000000,
-26.796150,41.250000,40.110001,-34.003696,-34.037239,1.000000,
-26.796150,41.250000,40.110001,-34.003696,-34.037239,1.000000,
-26.796150,41.250000,40.110001,-33.966007,-34.003696,1.000000,
-26.796150,41.250000,40.110001,-33.675289,-33.958427,1.000000,
-26.796150,41.250000,40.110001,-33.675289,-33.751644,1.000000,
-26.796150,41.250000,40.110001,-33.596710,-33.675289,1.000000,
-26.796150,41.250000,40.110001,-33.596710,-33.675289,1.000000,
-26.796150,41.250000,40.110001,-33.448521,-33.596710,1.000000,
-26.796150,41.250000,40.110001,-33.448521,-33.596710,1.000000,
-26.796150,41.250000,40.110001,-33.448521,-33.460350,1.000000,
-26.796150,41.250000,38.220001,-42.391994,-42.502033,1.000000,
-26.796150,41.250000,38.220001,-41.715317,-42.309658,1.000000,
-26.796150,41.250000,38.220001,-41.348610,-41.715317,1.000000,
-26.796150,41.250000,38.220001,-41.231945,-41.243958,1.000000,
-26.796150,41.250000,38.220001,-41.018574,-41.231945,1.000000,
-26.796150,41.250000,38.220001,-40.948448,-41.018574,1.000000,
-26.796150,41.250000,38.220001,-40.948448,-41.018574,1.000000,
-26.796150,41.250000,38.220001,-40.630123,-40.948448,1.000000,
-26.796150,41.250000,38.220001,-40.609871,-40.630123,1.000000,
-26.796150,41.250000,38.220001,-40.609871,-40.630123,1.000000,
-26.796150,41.250000,38.220001,-40.343155,-40.588051,1.000000,
-26.796150,